id,title,theme,genre,scene_type,location,time,emotion,emotion_intensity,characters,summary,blocking_count,lighting_cue_count,sound_cue_count
natok_001,সাইবার বুলিং - ছোট নাটক 001,সাইবার বুলিং,social_drama,confrontation,বাসস্ট্যান্ড,সকাল,দ্বিধা,0.7,সোহান | নাবিল,বাসস্ট্যান্ড-এ সাইবার বুলিং নিয়ে সোহান ও নাবিল-এর মধ্যে সংক্ষিপ্ত দ্বন্দ্ব তৈরি হয় এবং শেষে তারা সমাধানের দিকে এগোয়।,2,2,2
natok_002,ভুয়া খবর - ছোট নাটক 002,ভুয়া খবর,family_drama,confrontation,বাসস্ট্যান্ড,বিকেল,উদ্বেগ,0.7,নীরা | সামি,বাসস্ট্যান্ড-এ ভুয়া খবর নিয়ে নীরা ও সামি-এর মধ্যে সংক্ষিপ্ত দ্বন্দ্ব তৈরি হয় এবং শেষে তারা সমাধানের দিকে এগোয়।,2,2,2
natok_003,পরীক্ষার চাপ - ছোট নাটক 003,পরীক্ষার চাপ,student_life,confrontation,শ্রেণিকক্ষ,বিকেল,দ্বিধা,0.79,মৌ | তিথি,শ্রেণিকক্ষ-এ পরীক্ষার চাপ নিয়ে মৌ ও তিথি-এর মধ্যে সংক্ষিপ্ত দ্বন্দ্ব তৈরি হয় এবং শেষে তারা সমাধানের দিকে এগোয়।,2,2,2
natok_004,মোবাইল আসক্তি - ছোট নাটক 004,মোবাইল আসক্তি,awareness,decision,পার্ক,রাত,উদ্বেগ,0.76,লাবণ্য | সোহান,পার্ক-এ মোবাইল আসক্তি নিয়ে লাবণ্য ও সোহান-এর মধ্যে সংক্ষিপ্ত দ্বন্দ্ব তৈরি হয় এবং শেষে তারা সমাধানের দিকে এগোয়।,2,2,2
natok_005,বন্ধুত্বের পরীক্ষা - ছোট নাটক 005,বন্ধুত্বের পরীক্ষা,emotional_drama,decision,বাসস্ট্যান্ড,সন্ধ্যা,আশা,0.72,সামি | তিথি,বাসস্ট্যান্ড-এ বন্ধুত্বের পরীক্ষা নিয়ে সামি ও তিথি-এর মধ্যে সংক্ষিপ্ত দ্বন্দ্ব তৈরি হয় এবং শেষে তারা সমাধানের দিকে এগোয়।,2,2,2
natok_006,পারিবারিক ভুল বোঝাবুঝি - ছোট নাটক 006,পারিবারিক ভুল বোঝাবুঝি,social_drama,decision,বসার ঘর,সকাল,দ্বিধা,0.67,তানভীর | সামি,বসার ঘর-এ পারিবারিক ভুল বোঝাবুঝি নিয়ে তানভীর ও সামি-এর মধ্যে সংক্ষিপ্ত দ্বন্দ্ব তৈরি হয় এবং শেষে তারা সমাধানের দিকে এগোয়।,2,2,2
natok_007,অনলাইন প্রতারণা - ছোট নাটক 007,অনলাইন প্রতারণা,family_drama,revelation,পার্ক,রাত,দ্বিধা,0.74,শীলা | তিথি,পার্ক-এ অনলাইন প্রতারণা নিয়ে শীলা ও তিথি-এর মধ্যে সংক্ষিপ্ত দ্বন্দ্ব তৈরি হয় এবং শেষে তারা সমাধানের দিকে এগোয়।,2,2,2
natok_008,নারীর শিক্ষা - ছোট নাটক 008,নারীর শিক্ষা,student_life,revelation,শ্রেণিকক্ষ,সকাল,দ্বিধা,0.84,নাবিল | লাবণ্য,শ্রেণিকক্ষ-এ নারীর শিক্ষা নিয়ে নাবিল ও লাবণ্য-এর মধ্যে সংক্ষিপ্ত দ্বন্দ্ব তৈরি হয় এবং শেষে তারা সমাধানের দিকে এগোয়।,2,2,2
natok_009,সততার মূল্য - ছোট নাটক 009,সততার মূল্য,awareness,reconciliation,শ্রেণিকক্ষ,রাত,দ্বিধা,0.69,সুমাইয়া | রাহাত,শ্রেণিকক্ষ-এ সততার মূল্য নিয়ে সুমাইয়া ও রাহাত-এর মধ্যে সংক্ষিপ্ত দ্বন্দ্ব তৈরি হয় এবং শেষে তারা সমাধানের দিকে এগোয়।,2,2,2
natok_010,পরিবেশ দূষণ - ছোট নাটক 010,পরিবেশ দূষণ,emotional_drama,confrontation,বাসস্ট্যান্ড,সকাল,আশা,0.6,তিথি | জয়া,বাসস্ট্যান্ড-এ পরিবেশ দূষণ নিয়ে তিথি ও জয়া-এর মধ্যে সংক্ষিপ্ত দ্বন্দ্ব তৈরি হয় এবং শেষে তারা সমাধানের দিকে এগোয়।,2,2,2
natok_011,দারিদ্র্য ও শিক্ষা - ছোট নাটক 011,দারিদ্র্য ও শিক্ষা,social_drama,confrontation,বিশ্ববিদ্যালয়ের করিডর,সকাল,দ্বিধা,0.9,তিথি | আফসানা,বিশ্ববিদ্যালয়ের করিডর-এ দারিদ্র্য ও শিক্ষা নিয়ে তিথি ও আফসানা-এর মধ্যে সংক্ষিপ্ত দ্বন্দ্ব তৈরি হয় এবং শেষে তারা সমাধানের দিকে এগোয়।,2,2,2
natok_012,বিশ্বাস ভঙ্গ - ছোট নাটক 012,বিশ্বাস ভঙ্গ,family_drama,revelation,পার্ক,সন্ধ্যা,দুঃখ,0.79,তানভীর | জয়া,পার্ক-এ বিশ্বাস ভঙ্গ নিয়ে তানভীর ও জয়া-এর মধ্যে সংক্ষিপ্ত দ্বন্দ্ব তৈরি হয় এবং শেষে তারা সমাধানের দিকে এগোয়।,2,2,2
natok_013,পুরোনো চিঠি - ছোট নাটক 013,পুরোনো চিঠি,student_life,revelation,শ্রেণিকক্ষ,বিকেল,দুঃখ,0.84,রাফি | নাঈম,শ্রেণিকক্ষ-এ পুরোনো চিঠি নিয়ে রাফি ও নাঈম-এর মধ্যে সংক্ষিপ্ত দ্বন্দ্ব তৈরি হয় এবং শেষে তারা সমাধানের দিকে এগোয়।,2,2,2
natok_014,স্বপ্ন বনাম বাস্তবতা - ছোট নাটক 014,স্বপ্ন বনাম বাস্তবতা,awareness,decision,পার্ক,সন্ধ্যা,রাগ,0.63,নীরা | আরিফ,পার্ক-এ স্বপ্ন বনাম বাস্তবতা নিয়ে নীরা ও আরিফ-এর মধ্যে সংক্ষিপ্ত দ্বন্দ্ব তৈরি হয় এবং শেষে তারা সমাধানের দিকে এগোয়।,2,2,2
natok_015,বেকারত্ব - ছোট নাটক 015,বেকারত্ব,emotional_drama,reconciliation,চায়ের দোকান,বিকেল,দ্বিধা,0.86,নীরা | জয়া,চায়ের দোকান-এ বেকারত্ব নিয়ে নীরা ও জয়া-এর মধ্যে সংক্ষিপ্ত দ্বন্দ্ব তৈরি হয় এবং শেষে তারা সমাধানের দিকে এগোয়।,2,2,2
natok_016,সাইবার বুলিং - ছোট নাটক 016,সাইবার বুলিং,social_drama,revelation,বসার ঘর,রাত,উদ্বেগ,0.6,লাবণ্য | সোহান,বসার ঘর-এ সাইবার বুলিং নিয়ে লাবণ্য ও সোহান-এর মধ্যে সংক্ষিপ্ত দ্বন্দ্ব তৈরি হয় এবং শেষে তারা সমাধানের দিকে এগোয়।,2,2,2
natok_017,ভুয়া খবর - ছোট নাটক 017,ভুয়া খবর,family_drama,decision,বিশ্ববিদ্যালয়ের করিডর,বিকেল,আশা,0.66,মৌ | নাবিল,বিশ্ববিদ্যালয়ের করিডর-এ ভুয়া খবর নিয়ে মৌ ও নাবিল-এর মধ্যে সংক্ষিপ্ত দ্বন্দ্ব তৈরি হয় এবং শেষে তারা সমাধানের দিকে এগোয়।,2,2,2
natok_018,পরীক্ষার চাপ - ছোট নাটক 018,পরীক্ষার চাপ,student_life,confrontation,গ্রামের উঠান,রাত,দুঃখ,0.76,মৌ | লাবণ্য,গ্রামের উঠান-এ পরীক্ষার চাপ নিয়ে মৌ ও লাবণ্য-এর মধ্যে সংক্ষিপ্ত দ্বন্দ্ব তৈরি হয় এবং শেষে তারা সমাধানের দিকে এগোয়।,2,2,2
natok_019,মোবাইল আসক্তি - ছোট নাটক 019,মোবাইল আসক্তি,awareness,confrontation,গ্রামের উঠান,বিকেল,দুঃখ,0.65,নাবিল | সুমাইয়া,গ্রামের উঠান-এ মোবাইল আসক্তি নিয়ে নাবিল ও সুমাইয়া-এর মধ্যে সংক্ষিপ্ত দ্বন্দ্ব তৈরি হয় এবং শেষে তারা সমাধানের দিকে এগোয়।,2,2,2
natok_020,বন্ধুত্বের পরীক্ষা - ছোট নাটক 020,বন্ধুত্বের পরীক্ষা,emotional_drama,decision,পার্ক,রাত,আশা,0.74,তিথি | নাঈম,পার্ক-এ বন্ধুত্বের পরীক্ষা নিয়ে তিথি ও নাঈম-এর মধ্যে সংক্ষিপ্ত দ্বন্দ্ব তৈরি হয় এবং শেষে তারা সমাধানের দিকে এগোয়।,2,2,2
natok_021,পারিবারিক ভুল বোঝাবুঝি - ছোট নাটক 021,পারিবারিক ভুল বোঝাবুঝি,social_drama,decision,চায়ের দোকান,সকাল,দুঃখ,0.7,জয়া | নাঈম,চায়ের দোকান-এ পারিবারিক ভুল বোঝাবুঝি নিয়ে জয়া ও নাঈম-এর মধ্যে সংক্ষিপ্ত দ্বন্দ্ব তৈরি হয় এবং শেষে তারা সমাধানের দিকে এগোয়।,2,2,2
natok_022,অনলাইন প্রতারণা - ছোট নাটক 022,অনলাইন প্রতারণা,family_drama,revelation,বসার ঘর,বিকেল,দুঃখ,0.8,আরিফ | মেহজাবিন,বসার ঘর-এ অনলাইন প্রতারণা নিয়ে আরিফ ও মেহজাবিন-এর মধ্যে সংক্ষিপ্ত দ্বন্দ্ব তৈরি হয় এবং শেষে তারা সমাধানের দিকে এগোয়।,2,2,2
natok_023,নারীর শিক্ষা - ছোট নাটক 023,নারীর শিক্ষা,student_life,reconciliation,ছাত্রাবাস,সকাল,দ্বিধা,0.67,নাঈম | ইমন,ছাত্রাবাস-এ নারীর শিক্ষা নিয়ে নাঈম ও ইমন-এর মধ্যে সংক্ষিপ্ত দ্বন্দ্ব তৈরি হয় এবং শেষে তারা সমাধানের দিকে এগোয়।,2,2,2
natok_024,সততার মূল্য - ছোট নাটক 024,সততার মূল্য,awareness,reconciliation,বসার ঘর,সন্ধ্যা,দ্বিধা,0.6,শীলা | মেহজাবিন,বসার ঘর-এ সততার মূল্য নিয়ে শীলা ও মেহজাবিন-এর মধ্যে সংক্ষিপ্ত দ্বন্দ্ব তৈরি হয় এবং শেষে তারা সমাধানের দিকে এগোয়।,2,2,2
natok_025,পরিবেশ দূষণ - ছোট নাটক 025,পরিবেশ দূষণ,emotional_drama,decision,পার্ক,সকাল,আশা,0.85,নাঈম | রিয়াদ,পার্ক-এ পরিবেশ দূষণ নিয়ে নাঈম ও রিয়াদ-এর মধ্যে সংক্ষিপ্ত দ্বন্দ্ব তৈরি হয় এবং শেষে তারা সমাধানের দিকে এগোয়।,2,2,2
natok_026,দারিদ্র্য ও শিক্ষা - ছোট নাটক 026,দারিদ্র্য ও শিক্ষা,social_drama,confrontation,বসার ঘর,বিকেল,উদ্বেগ,0.57,সামি | রাহাত,বসার ঘর-এ দারিদ্র্য ও শিক্ষা নিয়ে সামি ও রাহাত-এর মধ্যে সংক্ষিপ্ত দ্বন্দ্ব তৈরি হয় এবং শেষে তারা সমাধানের দিকে এগোয়।,2,2,2
natok_027,বিশ্বাস ভঙ্গ - ছোট নাটক 027,বিশ্বাস ভঙ্গ,family_drama,confrontation,শ্রেণিকক্ষ,সকাল,রাগ,0.81,আরিফ | মেহজাবিন,শ্রেণিকক্ষ-এ বিশ্বাস ভঙ্গ নিয়ে আরিফ ও মেহজাবিন-এর মধ্যে সংক্ষিপ্ত দ্বন্দ্ব তৈরি হয় এবং শেষে তারা সমাধানের দিকে এগোয়।,2,2,2
natok_028,পুরোনো চিঠি - ছোট নাটক 028,পুরোনো চিঠি,student_life,revelation,পার্ক,সন্ধ্যা,দুঃখ,0.84,মৌ | আরিফ,পার্ক-এ পুরোনো চিঠি নিয়ে মৌ ও আরিফ-এর মধ্যে সংক্ষিপ্ত দ্বন্দ্ব তৈরি হয় এবং শেষে তারা সমাধানের দিকে এগোয়।,2,2,2
natok_029,স্বপ্ন বনাম বাস্তবতা - ছোট নাটক 029,স্বপ্ন বনাম বাস্তবতা,awareness,decision,ছাত্রাবাস,বিকেল,উদ্বেগ,0.57,নাবিল | ইমন,ছাত্রাবাস-এ স্বপ্ন বনাম বাস্তবতা নিয়ে নাবিল ও ইমন-এর মধ্যে সংক্ষিপ্ত দ্বন্দ্ব তৈরি হয় এবং শেষে তারা সমাধানের দিকে এগোয়।,2,2,2
natok_030,বেকারত্ব - ছোট নাটক 030,বেকারত্ব,emotional_drama,revelation,শ্রেণিকক্ষ,সন্ধ্যা,দুঃখ,0.55,সুমাইয়া | শীলা,শ্রেণিকক্ষ-এ বেকারত্ব নিয়ে সুমাইয়া ও শীলা-এর মধ্যে সংক্ষিপ্ত দ্বন্দ্ব তৈরি হয় এবং শেষে তারা সমাধানের দিকে এগোয়।,2,2,2
natok_031,সাইবার বুলিং - ছোট নাটক 031,সাইবার বুলিং,social_drama,confrontation,পার্ক,রাত,রাগ,0.65,ইমন | সামি,পার্ক-এ সাইবার বুলিং নিয়ে ইমন ও সামি-এর মধ্যে সংক্ষিপ্ত দ্বন্দ্ব তৈরি হয় এবং শেষে তারা সমাধানের দিকে এগোয়।,2,2,2
natok_032,ভুয়া খবর - ছোট নাটক 032,ভুয়া খবর,family_drama,revelation,গ্রামের উঠান,সকাল,আশা,0.83,নীরা | সামি,গ্রামের উঠান-এ ভুয়া খবর নিয়ে নীরা ও সামি-এর মধ্যে সংক্ষিপ্ত দ্বন্দ্ব তৈরি হয় এবং শেষে তারা সমাধানের দিকে এগোয়।,2,2,2
natok_033,পরীক্ষার চাপ - ছোট নাটক 033,পরীক্ষার চাপ,student_life,revelation,বিশ্ববিদ্যালয়ের করিডর,রাত,উদ্বেগ,0.55,নীরা | সামি,বিশ্ববিদ্যালয়ের করিডর-এ পরীক্ষার চাপ নিয়ে নীরা ও সামি-এর মধ্যে সংক্ষিপ্ত দ্বন্দ্ব তৈরি হয় এবং শেষে তারা সমাধানের দিকে এগোয়।,2,2,2
natok_034,মোবাইল আসক্তি - ছোট নাটক 034,মোবাইল আসক্তি,awareness,reconciliation,বসার ঘর,রাত,দ্বিধা,0.58,সামি | নাঈম,বসার ঘর-এ মোবাইল আসক্তি নিয়ে সামি ও নাঈম-এর মধ্যে সংক্ষিপ্ত দ্বন্দ্ব তৈরি হয় এবং শেষে তারা সমাধানের দিকে এগোয়।,2,2,2
natok_035,বন্ধুত্বের পরীক্ষা - ছোট নাটক 035,বন্ধুত্বের পরীক্ষা,emotional_drama,confrontation,চায়ের দোকান,রাত,উদ্বেগ,0.89,মেহজাবিন | মিতা,চায়ের দোকান-এ বন্ধুত্বের পরীক্ষা নিয়ে মেহজাবিন ও মিতা-এর মধ্যে সংক্ষিপ্ত দ্বন্দ্ব তৈরি হয় এবং শেষে তারা সমাধানের দিকে এগোয়।,2,2,2
natok_036,পারিবারিক ভুল বোঝাবুঝি - ছোট নাটক 036,পারিবারিক ভুল বোঝাবুঝি,social_drama,reconciliation,পার্ক,সকাল,উদ্বেগ,0.71,তিথি | আরিফ,পার্ক-এ পারিবারিক ভুল বোঝাবুঝি নিয়ে তিথি ও আরিফ-এর মধ্যে সংক্ষিপ্ত দ্বন্দ্ব তৈরি হয় এবং শেষে তারা সমাধানের দিকে এগোয়।,2,2,2
natok_037,অনলাইন প্রতারণা - ছোট নাটক 037,অনলাইন প্রতারণা,family_drama,revelation,শ্রেণিকক্ষ,সন্ধ্যা,রাগ,0.8,নাঈম | তানভীর,শ্রেণিকক্ষ-এ অনলাইন প্রতারণা নিয়ে নাঈম ও তানভীর-এর মধ্যে সংক্ষিপ্ত দ্বন্দ্ব তৈরি হয় এবং শেষে তারা সমাধানের দিকে এগোয়।,2,2,2
natok_038,নারীর শিক্ষা - ছোট নাটক 038,নারীর শিক্ষা,student_life,decision,পার্ক,রাত,উদ্বেগ,0.59,নীরা | জয়া,পার্ক-এ নারীর শিক্ষা নিয়ে নীরা ও জয়া-এর মধ্যে সংক্ষিপ্ত দ্বন্দ্ব তৈরি হয় এবং শেষে তারা সমাধানের দিকে এগোয়।,2,2,2
natok_039,সততার মূল্য - ছোট নাটক 039,সততার মূল্য,awareness,reconciliation,ছাত্রাবাস,সকাল,উদ্বেগ,0.87,সোহান | রাফি,ছাত্রাবাস-এ সততার মূল্য নিয়ে সোহান ও রাফি-এর মধ্যে সংক্ষিপ্ত দ্বন্দ্ব তৈরি হয় এবং শেষে তারা সমাধানের দিকে এগোয়।,2,2,2
natok_040,পরিবেশ দূষণ - ছোট নাটক 040,পরিবেশ দূষণ,emotional_drama,revelation,শ্রেণিকক্ষ,সন্ধ্যা,দ্বিধা,0.86,রাহাত | মিতা,শ্রেণিকক্ষ-এ পরিবেশ দূষণ নিয়ে রাহাত ও মিতা-এর মধ্যে সংক্ষিপ্ত দ্বন্দ্ব তৈরি হয় এবং শেষে তারা সমাধানের দিকে এগোয়।,2,2,2
natok_041,দারিদ্র্য ও শিক্ষা - ছোট নাটক 041,দারিদ্র্য ও শিক্ষা,social_drama,revelation,চায়ের দোকান,বিকেল,দ্বিধা,0.7,ইমন | মৌ,চায়ের দোকান-এ দারিদ্র্য ও শিক্ষা নিয়ে ইমন ও মৌ-এর মধ্যে সংক্ষিপ্ত দ্বন্দ্ব তৈরি হয় এবং শেষে তারা সমাধানের দিকে এগোয়।,2,2,2
natok_042,বিশ্বাস ভঙ্গ - ছোট নাটক 042,বিশ্বাস ভঙ্গ,family_drama,revelation,শ্রেণিকক্ষ,সকাল,দুঃখ,0.73,মেহজাবিন | শীলা,শ্রেণিকক্ষ-এ বিশ্বাস ভঙ্গ নিয়ে মেহজাবিন ও শীলা-এর মধ্যে সংক্ষিপ্ত দ্বন্দ্ব তৈরি হয় এবং শেষে তারা সমাধানের দিকে এগোয়।,2,2,2
natok_043,পুরোনো চিঠি - ছোট নাটক 043,পুরোনো চিঠি,student_life,revelation,চায়ের দোকান,সন্ধ্যা,আশা,0.58,জয়া | মৌ,চায়ের দোকান-এ পুরোনো চিঠি নিয়ে জয়া ও মৌ-এর মধ্যে সংক্ষিপ্ত দ্বন্দ্ব তৈরি হয় এবং শেষে তারা সমাধানের দিকে এগোয়।,2,2,2
natok_044,স্বপ্ন বনাম বাস্তবতা - ছোট নাটক 044,স্বপ্ন বনাম বাস্তবতা,awareness,decision,শ্রেণিকক্ষ,সকাল,দ্বিধা,0.65,নীরা | আফসানা,শ্রেণিকক্ষ-এ স্বপ্ন বনাম বাস্তবতা নিয়ে নীরা ও আফসানা-এর মধ্যে সংক্ষিপ্ত দ্বন্দ্ব তৈরি হয় এবং শেষে তারা সমাধানের দিকে এগোয়।,2,2,2
natok_045,বেকারত্ব - ছোট নাটক 045,বেকারত্ব,emotional_drama,confrontation,চায়ের দোকান,রাত,দ্বিধা,0.89,আফসানা | নাবিল,চায়ের দোকান-এ বেকারত্ব নিয়ে আফসানা ও নাবিল-এর মধ্যে সংক্ষিপ্ত দ্বন্দ্ব তৈরি হয় এবং শেষে তারা সমাধানের দিকে এগোয়।,2,2,2
natok_046,সাইবার বুলিং - ছোট নাটক 046,সাইবার বুলিং,social_drama,reconciliation,বসার ঘর,সকাল,আশা,0.82,জয়া | রাফি,বসার ঘর-এ সাইবার বুলিং নিয়ে জয়া ও রাফি-এর মধ্যে সংক্ষিপ্ত দ্বন্দ্ব তৈরি হয় এবং শেষে তারা সমাধানের দিকে এগোয়।,2,2,2
natok_047,ভুয়া খবর - ছোট নাটক 047,ভুয়া খবর,family_drama,revelation,চায়ের দোকান,রাত,উদ্বেগ,0.63,রাফি | নাবিল,চায়ের দোকান-এ ভুয়া খবর নিয়ে রাফি ও নাবিল-এর মধ্যে সংক্ষিপ্ত দ্বন্দ্ব তৈরি হয় এবং শেষে তারা সমাধানের দিকে এগোয়।,2,2,2
natok_048,পরীক্ষার চাপ - ছোট নাটক 048,পরীক্ষার চাপ,student_life,confrontation,বিশ্ববিদ্যালয়ের করিডর,রাত,উদ্বেগ,0.57,শীলা | রাফি,বিশ্ববিদ্যালয়ের করিডর-এ পরীক্ষার চাপ নিয়ে শীলা ও রাফি-এর মধ্যে সংক্ষিপ্ত দ্বন্দ্ব তৈরি হয় এবং শেষে তারা সমাধানের দিকে এগোয়।,2,2,2
natok_049,মোবাইল আসক্তি - ছোট নাটক 049,মোবাইল আসক্তি,awareness,decision,বাসস্ট্যান্ড,রাত,দুঃখ,0.55,আরিফ | জয়া,বাসস্ট্যান্ড-এ মোবাইল আসক্তি নিয়ে আরিফ ও জয়া-এর মধ্যে সংক্ষিপ্ত দ্বন্দ্ব তৈরি হয় এবং শেষে তারা সমাধানের দিকে এগোয়।,2,2,2
natok_050,বন্ধুত্বের পরীক্ষা - ছোট নাটক 050,বন্ধুত্বের পরীক্ষা,emotional_drama,confrontation,বসার ঘর,রাত,আশা,0.62,মেহজাবিন | নাঈম,বসার ঘর-এ বন্ধুত্বের পরীক্ষা নিয়ে মেহজাবিন ও নাঈম-এর মধ্যে সংক্ষিপ্ত দ্বন্দ্ব তৈরি হয় এবং শেষে তারা সমাধানের দিকে এগোয়।,2,2,2
natok_051,পারিবারিক ভুল বোঝাবুঝি - ছোট নাটক 051,পারিবারিক ভুল বোঝাবুঝি,social_drama,confrontation,বাসস্ট্যান্ড,বিকেল,দ্বিধা,0.71,নীরা | জয়া,বাসস্ট্যান্ড-এ পারিবারিক ভুল বোঝাবুঝি নিয়ে নীরা ও জয়া-এর মধ্যে সংক্ষিপ্ত দ্বন্দ্ব তৈরি হয় এবং শেষে তারা সমাধানের দিকে এগোয়।,2,2,2
natok_052,অনলাইন প্রতারণা - ছোট নাটক 052,অনলাইন প্রতারণা,family_drama,decision,বসার ঘর,রাত,দুঃখ,0.59,সোহান | তিথি,বসার ঘর-এ অনলাইন প্রতারণা নিয়ে সোহান ও তিথি-এর মধ্যে সংক্ষিপ্ত দ্বন্দ্ব তৈরি হয় এবং শেষে তারা সমাধানের দিকে এগোয়।,2,2,2
natok_053,নারীর শিক্ষা - ছোট নাটক 053,নারীর শিক্ষা,student_life,confrontation,বসার ঘর,রাত,দুঃখ,0.68,সামি | রাহাত,বসার ঘর-এ নারীর শিক্ষা নিয়ে সামি ও রাহাত-এর মধ্যে সংক্ষিপ্ত দ্বন্দ্ব তৈরি হয় এবং শেষে তারা সমাধানের দিকে এগোয়।,2,2,2
natok_054,সততার মূল্য - ছোট নাটক 054,সততার মূল্য,awareness,confrontation,ছাত্রাবাস,সকাল,উদ্বেগ,0.62,তানভীর | আরিফ,ছাত্রাবাস-এ সততার মূল্য নিয়ে তানভীর ও আরিফ-এর মধ্যে সংক্ষিপ্ত দ্বন্দ্ব তৈরি হয় এবং শেষে তারা সমাধানের দিকে এগোয়।,2,2,2
natok_055,পরিবেশ দূষণ - ছোট নাটক 055,পরিবেশ দূষণ,emotional_drama,confrontation,ছাত্রাবাস,বিকেল,রাগ,0.72,সামি | সোহান,ছাত্রাবাস-এ পরিবেশ দূষণ নিয়ে সামি ও সোহান-এর মধ্যে সংক্ষিপ্ত দ্বন্দ্ব তৈরি হয় এবং শেষে তারা সমাধানের দিকে এগোয়।,2,2,2
natok_056,দারিদ্র্য ও শিক্ষা - ছোট নাটক 056,দারিদ্র্য ও শিক্ষা,social_drama,decision,শ্রেণিকক্ষ,সন্ধ্যা,দ্বিধা,0.68,তানভীর | ইমন,শ্রেণিকক্ষ-এ দারিদ্র্য ও শিক্ষা নিয়ে তানভীর ও ইমন-এর মধ্যে সংক্ষিপ্ত দ্বন্দ্ব তৈরি হয় এবং শেষে তারা সমাধানের দিকে এগোয়।,2,2,2
natok_057,বিশ্বাস ভঙ্গ - ছোট নাটক 057,বিশ্বাস ভঙ্গ,family_drama,revelation,চায়ের দোকান,রাত,রাগ,0.9,শীলা | সামি,চায়ের দোকান-এ বিশ্বাস ভঙ্গ নিয়ে শীলা ও সামি-এর মধ্যে সংক্ষিপ্ত দ্বন্দ্ব তৈরি হয় এবং শেষে তারা সমাধানের দিকে এগোয়।,2,2,2
natok_058,পুরোনো চিঠি - ছোট নাটক 058,পুরোনো চিঠি,student_life,confrontation,চায়ের দোকান,সন্ধ্যা,উদ্বেগ,0.65,রাহাত | সামি,চায়ের দোকান-এ পুরোনো চিঠি নিয়ে রাহাত ও সামি-এর মধ্যে সংক্ষিপ্ত দ্বন্দ্ব তৈরি হয় এবং শেষে তারা সমাধানের দিকে এগোয়।,2,2,2
natok_059,স্বপ্ন বনাম বাস্তবতা - ছোট নাটক 059,স্বপ্ন বনাম বাস্তবতা,awareness,decision,শ্রেণিকক্ষ,সকাল,দ্বিধা,0.64,রাহাত | আফসানা,শ্রেণিকক্ষ-এ স্বপ্ন বনাম বাস্তবতা নিয়ে রাহাত ও আফসানা-এর মধ্যে সংক্ষিপ্ত দ্বন্দ্ব তৈরি হয় এবং শেষে তারা সমাধানের দিকে এগোয়।,2,2,2
natok_060,বেকারত্ব - ছোট নাটক 060,বেকারত্ব,emotional_drama,decision,চায়ের দোকান,বিকেল,রাগ,0.57,নীরা | নাঈম,চায়ের দোকান-এ বেকারত্ব নিয়ে নীরা ও নাঈম-এর মধ্যে সংক্ষিপ্ত দ্বন্দ্ব তৈরি হয় এবং শেষে তারা সমাধানের দিকে এগোয়।,2,2,2
natok_061,সাইবার বুলিং - ছোট নাটক 061,সাইবার বুলিং,social_drama,revelation,চায়ের দোকান,সকাল,উদ্বেগ,0.67,শীলা | রিয়াদ,চায়ের দোকান-এ সাইবার বুলিং নিয়ে শীলা ও রিয়াদ-এর মধ্যে সংক্ষিপ্ত দ্বন্দ্ব তৈরি হয় এবং শেষে তারা সমাধানের দিকে এগোয়।,2,2,2
natok_062,ভুয়া খবর - ছোট নাটক 062,ভুয়া খবর,family_drama,confrontation,শ্রেণিকক্ষ,বিকেল,রাগ,0.83,মিতা | আরিফ,শ্রেণিকক্ষ-এ ভুয়া খবর নিয়ে মিতা ও আরিফ-এর মধ্যে সংক্ষিপ্ত দ্বন্দ্ব তৈরি হয় এবং শেষে তারা সমাধানের দিকে এগোয়।,2,2,2
natok_063,পরীক্ষার চাপ - ছোট নাটক 063,পরীক্ষার চাপ,student_life,decision,বসার ঘর,রাত,উদ্বেগ,0.78,মৌ | জয়া,বসার ঘর-এ পরীক্ষার চাপ নিয়ে মৌ ও জয়া-এর মধ্যে সংক্ষিপ্ত দ্বন্দ্ব তৈরি হয় এবং শেষে তারা সমাধানের দিকে এগোয়।,2,2,2
natok_064,মোবাইল আসক্তি - ছোট নাটক 064,মোবাইল আসক্তি,awareness,reconciliation,শ্রেণিকক্ষ,বিকেল,দ্বিধা,0.59,লাবণ্য | মিতা,শ্রেণিকক্ষ-এ মোবাইল আসক্তি নিয়ে লাবণ্য ও মিতা-এর মধ্যে সংক্ষিপ্ত দ্বন্দ্ব তৈরি হয় এবং শেষে তারা সমাধানের দিকে এগোয়।,2,2,2
natok_065,বন্ধুত্বের পরীক্ষা - ছোট নাটক 065,বন্ধুত্বের পরীক্ষা,emotional_drama,revelation,ছাত্রাবাস,বিকেল,উদ্বেগ,0.65,সামি | ইমন,ছাত্রাবাস-এ বন্ধুত্বের পরীক্ষা নিয়ে সামি ও ইমন-এর মধ্যে সংক্ষিপ্ত দ্বন্দ্ব তৈরি হয় এবং শেষে তারা সমাধানের দিকে এগোয়।,2,2,2
natok_066,পারিবারিক ভুল বোঝাবুঝি - ছোট নাটক 066,পারিবারিক ভুল বোঝাবুঝি,social_drama,reconciliation,বসার ঘর,সকাল,আশা,0.79,নাঈম | সুমাইয়া,বসার ঘর-এ পারিবারিক ভুল বোঝাবুঝি নিয়ে নাঈম ও সুমাইয়া-এর মধ্যে সংক্ষিপ্ত দ্বন্দ্ব তৈরি হয় এবং শেষে তারা সমাধানের দিকে এগোয়।,2,2,2
natok_067,অনলাইন প্রতারণা - ছোট নাটক 067,অনলাইন প্রতারণা,family_drama,decision,বাসস্ট্যান্ড,সকাল,দুঃখ,0.64,সুমাইয়া | নীরা,বাসস্ট্যান্ড-এ অনলাইন প্রতারণা নিয়ে সুমাইয়া ও নীরা-এর মধ্যে সংক্ষিপ্ত দ্বন্দ্ব তৈরি হয় এবং শেষে তারা সমাধানের দিকে এগোয়।,2,2,2
natok_068,নারীর শিক্ষা - ছোট নাটক 068,নারীর শিক্ষা,student_life,reconciliation,বিশ্ববিদ্যালয়ের করিডর,রাত,উদ্বেগ,0.71,আরিফ | মিতা,বিশ্ববিদ্যালয়ের করিডর-এ নারীর শিক্ষা নিয়ে আরিফ ও মিতা-এর মধ্যে সংক্ষিপ্ত দ্বন্দ্ব তৈরি হয় এবং শেষে তারা সমাধানের দিকে এগোয়।,2,2,2
natok_069,সততার মূল্য - ছোট নাটক 069,সততার মূল্য,awareness,confrontation,বিশ্ববিদ্যালয়ের করিডর,সকাল,দুঃখ,0.68,তানভীর | সুমাইয়া,বিশ্ববিদ্যালয়ের করিডর-এ সততার মূল্য নিয়ে তানভীর ও সুমাইয়া-এর মধ্যে সংক্ষিপ্ত দ্বন্দ্ব তৈরি হয় এবং শেষে তারা সমাধানের দিকে এগোয়।,2,2,2
natok_070,পরিবেশ দূষণ - ছোট নাটক 070,পরিবেশ দূষণ,emotional_drama,revelation,পার্ক,সকাল,রাগ,0.9,আফসানা | সামি,পার্ক-এ পরিবেশ দূষণ নিয়ে আফসানা ও সামি-এর মধ্যে সংক্ষিপ্ত দ্বন্দ্ব তৈরি হয় এবং শেষে তারা সমাধানের দিকে এগোয়।,2,2,2
natok_071,দারিদ্র্য ও শিক্ষা - ছোট নাটক 071,দারিদ্র্য ও শিক্ষা,social_drama,decision,গ্রামের উঠান,সন্ধ্যা,দ্বিধা,0.6,তিথি | আরিফ,গ্রামের উঠান-এ দারিদ্র্য ও শিক্ষা নিয়ে তিথি ও আরিফ-এর মধ্যে সংক্ষিপ্ত দ্বন্দ্ব তৈরি হয় এবং শেষে তারা সমাধানের দিকে এগোয়।,2,2,2
natok_072,বিশ্বাস ভঙ্গ - ছোট নাটক 072,বিশ্বাস ভঙ্গ,family_drama,decision,চায়ের দোকান,রাত,দুঃখ,0.83,নাঈম | জয়া,চায়ের দোকান-এ বিশ্বাস ভঙ্গ নিয়ে নাঈম ও জয়া-এর মধ্যে সংক্ষিপ্ত দ্বন্দ্ব তৈরি হয় এবং শেষে তারা সমাধানের দিকে এগোয়।,2,2,2
natok_073,পুরোনো চিঠি - ছোট নাটক 073,পুরোনো চিঠি,student_life,decision,বিশ্ববিদ্যালয়ের করিডর,রাত,উদ্বেগ,0.75,রাহাত | তিথি,বিশ্ববিদ্যালয়ের করিডর-এ পুরোনো চিঠি নিয়ে রাহাত ও তিথি-এর মধ্যে সংক্ষিপ্ত দ্বন্দ্ব তৈরি হয় এবং শেষে তারা সমাধানের দিকে এগোয়।,2,2,2
natok_074,স্বপ্ন বনাম বাস্তবতা - ছোট নাটক 074,স্বপ্ন বনাম বাস্তবতা,awareness,confrontation,বসার ঘর,সকাল,দুঃখ,0.6,আফসানা | সোহান,বসার ঘর-এ স্বপ্ন বনাম বাস্তবতা নিয়ে আফসানা ও সোহান-এর মধ্যে সংক্ষিপ্ত দ্বন্দ্ব তৈরি হয় এবং শেষে তারা সমাধানের দিকে এগোয়।,2,2,2
natok_075,বেকারত্ব - ছোট নাটক 075,বেকারত্ব,emotional_drama,confrontation,বাসস্ট্যান্ড,সন্ধ্যা,উদ্বেগ,0.59,শীলা | লাবণ্য,বাসস্ট্যান্ড-এ বেকারত্ব নিয়ে শীলা ও লাবণ্য-এর মধ্যে সংক্ষিপ্ত দ্বন্দ্ব তৈরি হয় এবং শেষে তারা সমাধানের দিকে এগোয়।,2,2,2
natok_076,সাইবার বুলিং - ছোট নাটক 076,সাইবার বুলিং,social_drama,confrontation,চায়ের দোকান,বিকেল,দুঃখ,0.71,আফসানা | মৌ,চায়ের দোকান-এ সাইবার বুলিং নিয়ে আফসানা ও মৌ-এর মধ্যে সংক্ষিপ্ত দ্বন্দ্ব তৈরি হয় এবং শেষে তারা সমাধানের দিকে এগোয়।,2,2,2
natok_077,ভুয়া খবর - ছোট নাটক 077,ভুয়া খবর,family_drama,revelation,শ্রেণিকক্ষ,বিকেল,রাগ,0.57,সামি | নাবিল,শ্রেণিকক্ষ-এ ভুয়া খবর নিয়ে সামি ও নাবিল-এর মধ্যে সংক্ষিপ্ত দ্বন্দ্ব তৈরি হয় এবং শেষে তারা সমাধানের দিকে এগোয়।,2,2,2
natok_078,পরীক্ষার চাপ - ছোট নাটক 078,পরীক্ষার চাপ,student_life,reconciliation,বাসস্ট্যান্ড,বিকেল,আশা,0.76,মৌ | রাফি,বাসস্ট্যান্ড-এ পরীক্ষার চাপ নিয়ে মৌ ও রাফি-এর মধ্যে সংক্ষিপ্ত দ্বন্দ্ব তৈরি হয় এবং শেষে তারা সমাধানের দিকে এগোয়।,2,2,2
natok_079,মোবাইল আসক্তি - ছোট নাটক 079,মোবাইল আসক্তি,awareness,reconciliation,গ্রামের উঠান,সকাল,দ্বিধা,0.61,নাঈম | লাবণ্য,গ্রামের উঠান-এ মোবাইল আসক্তি নিয়ে নাঈম ও লাবণ্য-এর মধ্যে সংক্ষিপ্ত দ্বন্দ্ব তৈরি হয় এবং শেষে তারা সমাধানের দিকে এগোয়।,2,2,2
natok_080,বন্ধুত্বের পরীক্ষা - ছোট নাটক 080,বন্ধুত্বের পরীক্ষা,emotional_drama,decision,চায়ের দোকান,বিকেল,রাগ,0.86,তিথি | রাহাত,চায়ের দোকান-এ বন্ধুত্বের পরীক্ষা নিয়ে তিথি ও রাহাত-এর মধ্যে সংক্ষিপ্ত দ্বন্দ্ব তৈরি হয় এবং শেষে তারা সমাধানের দিকে এগোয়।,2,2,2
natok_081,পারিবারিক ভুল বোঝাবুঝি - ছোট নাটক 081,পারিবারিক ভুল বোঝাবুঝি,social_drama,reconciliation,শ্রেণিকক্ষ,রাত,আশা,0.79,রাফি | সুমাইয়া,শ্রেণিকক্ষ-এ পারিবারিক ভুল বোঝাবুঝি নিয়ে রাফি ও সুমাইয়া-এর মধ্যে সংক্ষিপ্ত দ্বন্দ্ব তৈরি হয় এবং শেষে তারা সমাধানের দিকে এগোয়।,2,2,2
natok_082,অনলাইন প্রতারণা - ছোট নাটক 082,অনলাইন প্রতারণা,family_drama,confrontation,চায়ের দোকান,সকাল,রাগ,0.77,রাফি | লাবণ্য,চায়ের দোকান-এ অনলাইন প্রতারণা নিয়ে রাফি ও লাবণ্য-এর মধ্যে সংক্ষিপ্ত দ্বন্দ্ব তৈরি হয় এবং শেষে তারা সমাধানের দিকে এগোয়।,2,2,2
natok_083,নারীর শিক্ষা - ছোট নাটক 083,নারীর শিক্ষা,student_life,revelation,গ্রামের উঠান,সকাল,দ্বিধা,0.59,সুমাইয়া | আফসানা,গ্রামের উঠান-এ নারীর শিক্ষা নিয়ে সুমাইয়া ও আফসানা-এর মধ্যে সংক্ষিপ্ত দ্বন্দ্ব তৈরি হয় এবং শেষে তারা সমাধানের দিকে এগোয়।,2,2,2
natok_084,সততার মূল্য - ছোট নাটক 084,সততার মূল্য,awareness,decision,বসার ঘর,সন্ধ্যা,উদ্বেগ,0.7,আরিফ | শীলা,বসার ঘর-এ সততার মূল্য নিয়ে আরিফ ও শীলা-এর মধ্যে সংক্ষিপ্ত দ্বন্দ্ব তৈরি হয় এবং শেষে তারা সমাধানের দিকে এগোয়।,2,2,2
natok_085,পরিবেশ দূষণ - ছোট নাটক 085,পরিবেশ দূষণ,emotional_drama,reconciliation,শ্রেণিকক্ষ,সকাল,দ্বিধা,0.73,রাফি | আফসানা,শ্রেণিকক্ষ-এ পরিবেশ দূষণ নিয়ে রাফি ও আফসানা-এর মধ্যে সংক্ষিপ্ত দ্বন্দ্ব তৈরি হয় এবং শেষে তারা সমাধানের দিকে এগোয়।,2,2,2
natok_086,দারিদ্র্য ও শিক্ষা - ছোট নাটক 086,দারিদ্র্য ও শিক্ষা,social_drama,decision,পার্ক,সকাল,রাগ,0.67,তিথি | আফসানা,পার্ক-এ দারিদ্র্য ও শিক্ষা নিয়ে তিথি ও আফসানা-এর মধ্যে সংক্ষিপ্ত দ্বন্দ্ব তৈরি হয় এবং শেষে তারা সমাধানের দিকে এগোয়।,2,2,2
natok_087,বিশ্বাস ভঙ্গ - ছোট নাটক 087,বিশ্বাস ভঙ্গ,family_drama,reconciliation,গ্রামের উঠান,বিকেল,রাগ,0.88,তিথি | জয়া,গ্রামের উঠান-এ বিশ্বাস ভঙ্গ নিয়ে তিথি ও জয়া-এর মধ্যে সংক্ষিপ্ত দ্বন্দ্ব তৈরি হয় এবং শেষে তারা সমাধানের দিকে এগোয়।,2,2,2
natok_088,পুরোনো চিঠি - ছোট নাটক 088,পুরোনো চিঠি,student_life,decision,বসার ঘর,সন্ধ্যা,দ্বিধা,0.87,সামি | জয়া,বসার ঘর-এ পুরোনো চিঠি নিয়ে সামি ও জয়া-এর মধ্যে সংক্ষিপ্ত দ্বন্দ্ব তৈরি হয় এবং শেষে তারা সমাধানের দিকে এগোয়।,2,2,2
natok_089,স্বপ্ন বনাম বাস্তবতা - ছোট নাটক 089,স্বপ্ন বনাম বাস্তবতা,awareness,revelation,বাসস্ট্যান্ড,রাত,আশা,0.81,নাঈম | সুমাইয়া,বাসস্ট্যান্ড-এ স্বপ্ন বনাম বাস্তবতা নিয়ে নাঈম ও সুমাইয়া-এর মধ্যে সংক্ষিপ্ত দ্বন্দ্ব তৈরি হয় এবং শেষে তারা সমাধানের দিকে এগোয়।,2,2,2
natok_090,বেকারত্ব - ছোট নাটক 090,বেকারত্ব,emotional_drama,revelation,পার্ক,বিকেল,দুঃখ,0.8,সুমাইয়া | তানভীর,পার্ক-এ বেকারত্ব নিয়ে সুমাইয়া ও তানভীর-এর মধ্যে সংক্ষিপ্ত দ্বন্দ্ব তৈরি হয় এবং শেষে তারা সমাধানের দিকে এগোয়।,2,2,2
natok_091,সাইবার বুলিং - ছোট নাটক 091,সাইবার বুলিং,social_drama,revelation,ছাত্রাবাস,বিকেল,উদ্বেগ,0.81,শীলা | নাঈম,ছাত্রাবাস-এ সাইবার বুলিং নিয়ে শীলা ও নাঈম-এর মধ্যে সংক্ষিপ্ত দ্বন্দ্ব তৈরি হয় এবং শেষে তারা সমাধানের দিকে এগোয়।,2,2,2
natok_092,ভুয়া খবর - ছোট নাটক 092,ভুয়া খবর,family_drama,revelation,চায়ের দোকান,সন্ধ্যা,দ্বিধা,0.56,লাবণ্য | রাহাত,চায়ের দোকান-এ ভুয়া খবর নিয়ে লাবণ্য ও রাহাত-এর মধ্যে সংক্ষিপ্ত দ্বন্দ্ব তৈরি হয় এবং শেষে তারা সমাধানের দিকে এগোয়।,2,2,2
natok_093,পরীক্ষার চাপ - ছোট নাটক 093,পরীক্ষার চাপ,student_life,confrontation,বিশ্ববিদ্যালয়ের করিডর,রাত,দ্বিধা,0.66,রাহাত | ইমন,বিশ্ববিদ্যালয়ের করিডর-এ পরীক্ষার চাপ নিয়ে রাহাত ও ইমন-এর মধ্যে সংক্ষিপ্ত দ্বন্দ্ব তৈরি হয় এবং শেষে তারা সমাধানের দিকে এগোয়।,2,2,2
natok_094,মোবাইল আসক্তি - ছোট নাটক 094,মোবাইল আসক্তি,awareness,decision,চায়ের দোকান,সকাল,দ্বিধা,0.84,তিথি | লাবণ্য,চায়ের দোকান-এ মোবাইল আসক্তি নিয়ে তিথি ও লাবণ্য-এর মধ্যে সংক্ষিপ্ত দ্বন্দ্ব তৈরি হয় এবং শেষে তারা সমাধানের দিকে এগোয়।,2,2,2
natok_095,বন্ধুত্বের পরীক্ষা - ছোট নাটক 095,বন্ধুত্বের পরীক্ষা,emotional_drama,reconciliation,শ্রেণিকক্ষ,সকাল,উদ্বেগ,0.73,তিথি | মিতা,শ্রেণিকক্ষ-এ বন্ধুত্বের পরীক্ষা নিয়ে তিথি ও মিতা-এর মধ্যে সংক্ষিপ্ত দ্বন্দ্ব তৈরি হয় এবং শেষে তারা সমাধানের দিকে এগোয়।,2,2,2
natok_096,পারিবারিক ভুল বোঝাবুঝি - ছোট নাটক 096,পারিবারিক ভুল বোঝাবুঝি,social_drama,reconciliation,চায়ের দোকান,সকাল,রাগ,0.58,লাবণ্য | তানভীর,চায়ের দোকান-এ পারিবারিক ভুল বোঝাবুঝি নিয়ে লাবণ্য ও তানভীর-এর মধ্যে সংক্ষিপ্ত দ্বন্দ্ব তৈরি হয় এবং শেষে তারা সমাধানের দিকে এগোয়।,2,2,2
natok_097,অনলাইন প্রতারণা - ছোট নাটক 097,অনলাইন প্রতারণা,family_drama,revelation,শ্রেণিকক্ষ,সকাল,দুঃখ,0.71,লাবণ্য | আফসানা,শ্রেণিকক্ষ-এ অনলাইন প্রতারণা নিয়ে লাবণ্য ও আফসানা-এর মধ্যে সংক্ষিপ্ত দ্বন্দ্ব তৈরি হয় এবং শেষে তারা সমাধানের দিকে এগোয়।,2,2,2
natok_098,নারীর শিক্ষা - ছোট নাটক 098,নারীর শিক্ষা,student_life,reconciliation,গ্রামের উঠান,সন্ধ্যা,দ্বিধা,0.79,মৌ | নীরা,গ্রামের উঠান-এ নারীর শিক্ষা নিয়ে মৌ ও নীরা-এর মধ্যে সংক্ষিপ্ত দ্বন্দ্ব তৈরি হয় এবং শেষে তারা সমাধানের দিকে এগোয়।,2,2,2
natok_099,সততার মূল্য - ছোট নাটক 099,সততার মূল্য,awareness,decision,শ্রেণিকক্ষ,বিকেল,উদ্বেগ,0.85,জয়া | রাফি,শ্রেণিকক্ষ-এ সততার মূল্য নিয়ে জয়া ও রাফি-এর মধ্যে সংক্ষিপ্ত দ্বন্দ্ব তৈরি হয় এবং শেষে তারা সমাধানের দিকে এগোয়।,2,2,2
natok_100,পরিবেশ দূষণ - ছোট নাটক 100,পরিবেশ দূষণ,emotional_drama,confrontation,ছাত্রাবাস,বিকেল,দুঃখ,0.61,মিতা | সামি,ছাত্রাবাস-এ পরিবেশ দূষণ নিয়ে মিতা ও সামি-এর মধ্যে সংক্ষিপ্ত দ্বন্দ্ব তৈরি হয় এবং শেষে তারা সমাধানের দিকে এগোয়।,2,2,2
natok_101,দারিদ্র্য ও শিক্ষা - ছোট নাটক 101,দারিদ্র্য ও শিক্ষা,social_drama,revelation,গ্রামের উঠান,রাত,দুঃখ,0.74,তানভীর | আফসানা,গ্রামের উঠান-এ দারিদ্র্য ও শিক্ষা নিয়ে তানভীর ও আফসানা-এর মধ্যে সংক্ষিপ্ত দ্বন্দ্ব তৈরি হয় এবং শেষে তারা সমাধানের দিকে এগোয়।,2,2,2
natok_102,বিশ্বাস ভঙ্গ - ছোট নাটক 102,বিশ্বাস ভঙ্গ,family_drama,revelation,বসার ঘর,রাত,দুঃখ,0.72,তানভীর | তিথি,বসার ঘর-এ বিশ্বাস ভঙ্গ নিয়ে তানভীর ও তিথি-এর মধ্যে সংক্ষিপ্ত দ্বন্দ্ব তৈরি হয় এবং শেষে তারা সমাধানের দিকে এগোয়।,2,2,2
natok_103,পুরোনো চিঠি - ছোট নাটক 103,পুরোনো চিঠি,student_life,confrontation,গ্রামের উঠান,বিকেল,উদ্বেগ,0.77,মৌ | রাফি,গ্রামের উঠান-এ পুরোনো চিঠি নিয়ে মৌ ও রাফি-এর মধ্যে সংক্ষিপ্ত দ্বন্দ্ব তৈরি হয় এবং শেষে তারা সমাধানের দিকে এগোয়।,2,2,2
natok_104,স্বপ্ন বনাম বাস্তবতা - ছোট নাটক 104,স্বপ্ন বনাম বাস্তবতা,awareness,decision,বিশ্ববিদ্যালয়ের করিডর,সকাল,উদ্বেগ,0.67,রাফি | শীলা,বিশ্ববিদ্যালয়ের করিডর-এ স্বপ্ন বনাম বাস্তবতা নিয়ে রাফি ও শীলা-এর মধ্যে সংক্ষিপ্ত দ্বন্দ্ব তৈরি হয় এবং শেষে তারা সমাধানের দিকে এগোয়।,2,2,2
natok_105,বেকারত্ব - ছোট নাটক 105,বেকারত্ব,emotional_drama,reconciliation,চায়ের দোকান,রাত,উদ্বেগ,0.73,নাঈম | মৌ,চায়ের দোকান-এ বেকারত্ব নিয়ে নাঈম ও মৌ-এর মধ্যে সংক্ষিপ্ত দ্বন্দ্ব তৈরি হয় এবং শেষে তারা সমাধানের দিকে এগোয়।,2,2,2
natok_106,সাইবার বুলিং - ছোট নাটক 106,সাইবার বুলিং,social_drama,confrontation,ছাত্রাবাস,রাত,আশা,0.86,রাহাত | নাঈম,ছাত্রাবাস-এ সাইবার বুলিং নিয়ে রাহাত ও নাঈম-এর মধ্যে সংক্ষিপ্ত দ্বন্দ্ব তৈরি হয় এবং শেষে তারা সমাধানের দিকে এগোয়।,2,2,2
natok_107,ভুয়া খবর - ছোট নাটক 107,ভুয়া খবর,family_drama,revelation,বিশ্ববিদ্যালয়ের করিডর,সকাল,দুঃখ,0.56,মৌ | রিয়াদ,বিশ্ববিদ্যালয়ের করিডর-এ ভুয়া খবর নিয়ে মৌ ও রিয়াদ-এর মধ্যে সংক্ষিপ্ত দ্বন্দ্ব তৈরি হয় এবং শেষে তারা সমাধানের দিকে এগোয়।,2,2,2
natok_108,পরীক্ষার চাপ - ছোট নাটক 108,পরীক্ষার চাপ,student_life,decision,বসার ঘর,বিকেল,দ্বিধা,0.56,তানভীর | সুমাইয়া,বসার ঘর-এ পরীক্ষার চাপ নিয়ে তানভীর ও সুমাইয়া-এর মধ্যে সংক্ষিপ্ত দ্বন্দ্ব তৈরি হয় এবং শেষে তারা সমাধানের দিকে এগোয়।,2,2,2
natok_109,মোবাইল আসক্তি - ছোট নাটক 109,মোবাইল আসক্তি,awareness,reconciliation,বিশ্ববিদ্যালয়ের করিডর,বিকেল,দ্বিধা,0.82,রাফি | লাবণ্য,বিশ্ববিদ্যালয়ের করিডর-এ মোবাইল আসক্তি নিয়ে রাফি ও লাবণ্য-এর মধ্যে সংক্ষিপ্ত দ্বন্দ্ব তৈরি হয় এবং শেষে তারা সমাধানের দিকে এগোয়।,2,2,2
natok_110,বন্ধুত্বের পরীক্ষা - ছোট নাটক 110,বন্ধুত্বের পরীক্ষা,emotional_drama,confrontation,বসার ঘর,বিকেল,দ্বিধা,0.56,মৌ | তিথি,বসার ঘর-এ বন্ধুত্বের পরীক্ষা নিয়ে মৌ ও তিথি-এর মধ্যে সংক্ষিপ্ত দ্বন্দ্ব তৈরি হয় এবং শেষে তারা সমাধানের দিকে এগোয়।,2,2,2
natok_111,পারিবারিক ভুল বোঝাবুঝি - ছোট নাটক 111,পারিবারিক ভুল বোঝাবুঝি,social_drama,confrontation,পার্ক,সকাল,রাগ,0.57,রিয়াদ | নীরা,পার্ক-এ পারিবারিক ভুল বোঝাবুঝি নিয়ে রিয়াদ ও নীরা-এর মধ্যে সংক্ষিপ্ত দ্বন্দ্ব তৈরি হয় এবং শেষে তারা সমাধানের দিকে এগোয়।,2,2,2
natok_112,অনলাইন প্রতারণা - ছোট নাটক 112,অনলাইন প্রতারণা,family_drama,reconciliation,বাসস্ট্যান্ড,রাত,দুঃখ,0.6,শীলা | সামি,বাসস্ট্যান্ড-এ অনলাইন প্রতারণা নিয়ে শীলা ও সামি-এর মধ্যে সংক্ষিপ্ত দ্বন্দ্ব তৈরি হয় এবং শেষে তারা সমাধানের দিকে এগোয়।,2,2,2
natok_113,নারীর শিক্ষা - ছোট নাটক 113,নারীর শিক্ষা,student_life,decision,গ্রামের উঠান,সকাল,দুঃখ,0.76,তিথি | আফসানা,গ্রামের উঠান-এ নারীর শিক্ষা নিয়ে তিথি ও আফসানা-এর মধ্যে সংক্ষিপ্ত দ্বন্দ্ব তৈরি হয় এবং শেষে তারা সমাধানের দিকে এগোয়।,2,2,2
natok_114,সততার মূল্য - ছোট নাটক 114,সততার মূল্য,awareness,decision,বাসস্ট্যান্ড,সন্ধ্যা,দ্বিধা,0.61,মেহজাবিন | রিয়াদ,বাসস্ট্যান্ড-এ সততার মূল্য নিয়ে মেহজাবিন ও রিয়াদ-এর মধ্যে সংক্ষিপ্ত দ্বন্দ্ব তৈরি হয় এবং শেষে তারা সমাধানের দিকে এগোয়।,2,2,2
natok_115,পরিবেশ দূষণ - ছোট নাটক 115,পরিবেশ দূষণ,emotional_drama,reconciliation,গ্রামের উঠান,বিকেল,দুঃখ,0.66,মিতা | মেহজাবিন,গ্রামের উঠান-এ পরিবেশ দূষণ নিয়ে মিতা ও মেহজাবিন-এর মধ্যে সংক্ষিপ্ত দ্বন্দ্ব তৈরি হয় এবং শেষে তারা সমাধানের দিকে এগোয়।,2,2,2
natok_116,দারিদ্র্য ও শিক্ষা - ছোট নাটক 116,দারিদ্র্য ও শিক্ষা,social_drama,confrontation,পার্ক,বিকেল,দ্বিধা,0.75,মিতা | ইমন,পার্ক-এ দারিদ্র্য ও শিক্ষা নিয়ে মিতা ও ইমন-এর মধ্যে সংক্ষিপ্ত দ্বন্দ্ব তৈরি হয় এবং শেষে তারা সমাধানের দিকে এগোয়।,2,2,2
natok_117,বিশ্বাস ভঙ্গ - ছোট নাটক 117,বিশ্বাস ভঙ্গ,family_drama,reconciliation,ছাত্রাবাস,বিকেল,দুঃখ,0.57,রাহাত | নাঈম,ছাত্রাবাস-এ বিশ্বাস ভঙ্গ নিয়ে রাহাত ও নাঈম-এর মধ্যে সংক্ষিপ্ত দ্বন্দ্ব তৈরি হয় এবং শেষে তারা সমাধানের দিকে এগোয়।,2,2,2
natok_118,পুরোনো চিঠি - ছোট নাটক 118,পুরোনো চিঠি,student_life,confrontation,বসার ঘর,সকাল,রাগ,0.62,জয়া | আফসানা,বসার ঘর-এ পুরোনো চিঠি নিয়ে জয়া ও আফসানা-এর মধ্যে সংক্ষিপ্ত দ্বন্দ্ব তৈরি হয় এবং শেষে তারা সমাধানের দিকে এগোয়।,2,2,2
natok_119,স্বপ্ন বনাম বাস্তবতা - ছোট নাটক 119,স্বপ্ন বনাম বাস্তবতা,awareness,decision,চায়ের দোকান,বিকেল,দুঃখ,0.68,রিয়াদ | জয়া,চায়ের দোকান-এ স্বপ্ন বনাম বাস্তবতা নিয়ে রিয়াদ ও জয়া-এর মধ্যে সংক্ষিপ্ত দ্বন্দ্ব তৈরি হয় এবং শেষে তারা সমাধানের দিকে এগোয়।,2,2,2
natok_120,বেকারত্ব - ছোট নাটক 120,বেকারত্ব,emotional_drama,decision,বিশ্ববিদ্যালয়ের করিডর,সন্ধ্যা,আশা,0.63,রাফি | মিতা,বিশ্ববিদ্যালয়ের করিডর-এ বেকারত্ব নিয়ে রাফি ও মিতা-এর মধ্যে সংক্ষিপ্ত দ্বন্দ্ব তৈরি হয় এবং শেষে তারা সমাধানের দিকে এগোয়।,2,2,2
natok_121,সাইবার বুলিং - ছোট নাটক 121,সাইবার বুলিং,social_drama,decision,বাসস্ট্যান্ড,সকাল,আশা,0.87,সামি | নাঈম,বাসস্ট্যান্ড-এ সাইবার বুলিং নিয়ে সামি ও নাঈম-এর মধ্যে সংক্ষিপ্ত দ্বন্দ্ব তৈরি হয় এবং শেষে তারা সমাধানের দিকে এগোয়।,2,2,2
natok_122,ভুয়া খবর - ছোট নাটক 122,ভুয়া খবর,family_drama,confrontation,পার্ক,রাত,উদ্বেগ,0.68,মিতা | রাহাত,পার্ক-এ ভুয়া খবর নিয়ে মিতা ও রাহাত-এর মধ্যে সংক্ষিপ্ত দ্বন্দ্ব তৈরি হয় এবং শেষে তারা সমাধানের দিকে এগোয়।,2,2,2
natok_123,পরীক্ষার চাপ - ছোট নাটক 123,পরীক্ষার চাপ,student_life,revelation,ছাত্রাবাস,বিকেল,রাগ,0.88,ইমন | তিথি,ছাত্রাবাস-এ পরীক্ষার চাপ নিয়ে ইমন ও তিথি-এর মধ্যে সংক্ষিপ্ত দ্বন্দ্ব তৈরি হয় এবং শেষে তারা সমাধানের দিকে এগোয়।,2,2,2
natok_124,মোবাইল আসক্তি - ছোট নাটক 124,মোবাইল আসক্তি,awareness,confrontation,পার্ক,সন্ধ্যা,দুঃখ,0.67,আফসানা | নাবিল,পার্ক-এ মোবাইল আসক্তি নিয়ে আফসানা ও নাবিল-এর মধ্যে সংক্ষিপ্ত দ্বন্দ্ব তৈরি হয় এবং শেষে তারা সমাধানের দিকে এগোয়।,2,2,2
natok_125,বন্ধুত্বের পরীক্ষা - ছোট নাটক 125,বন্ধুত্বের পরীক্ষা,emotional_drama,decision,পার্ক,সন্ধ্যা,উদ্বেগ,0.83,মিতা | সুমাইয়া,পার্ক-এ বন্ধুত্বের পরীক্ষা নিয়ে মিতা ও সুমাইয়া-এর মধ্যে সংক্ষিপ্ত দ্বন্দ্ব তৈরি হয় এবং শেষে তারা সমাধানের দিকে এগোয়।,2,2,2
natok_126,পারিবারিক ভুল বোঝাবুঝি - ছোট নাটক 126,পারিবারিক ভুল বোঝাবুঝি,social_drama,decision,বসার ঘর,সকাল,উদ্বেগ,0.81,রাহাত | জয়া,বসার ঘর-এ পারিবারিক ভুল বোঝাবুঝি নিয়ে রাহাত ও জয়া-এর মধ্যে সংক্ষিপ্ত দ্বন্দ্ব তৈরি হয় এবং শেষে তারা সমাধানের দিকে এগোয়।,2,2,2
natok_127,অনলাইন প্রতারণা - ছোট নাটক 127,অনলাইন প্রতারণা,family_drama,confrontation,শ্রেণিকক্ষ,রাত,আশা,0.67,আফসানা | লাবণ্য,শ্রেণিকক্ষ-এ অনলাইন প্রতারণা নিয়ে আফসানা ও লাবণ্য-এর মধ্যে সংক্ষিপ্ত দ্বন্দ্ব তৈরি হয় এবং শেষে তারা সমাধানের দিকে এগোয়।,2,2,2
natok_128,নারীর শিক্ষা - ছোট নাটক 128,নারীর শিক্ষা,student_life,revelation,বিশ্ববিদ্যালয়ের করিডর,বিকেল,আশা,0.82,নাবিল | তানভীর,বিশ্ববিদ্যালয়ের করিডর-এ নারীর শিক্ষা নিয়ে নাবিল ও তানভীর-এর মধ্যে সংক্ষিপ্ত দ্বন্দ্ব তৈরি হয় এবং শেষে তারা সমাধানের দিকে এগোয়।,2,2,2
natok_129,সততার মূল্য - ছোট নাটক 129,সততার মূল্য,awareness,revelation,বসার ঘর,সকাল,রাগ,0.79,সুমাইয়া | আরিফ,বসার ঘর-এ সততার মূল্য নিয়ে সুমাইয়া ও আরিফ-এর মধ্যে সংক্ষিপ্ত দ্বন্দ্ব তৈরি হয় এবং শেষে তারা সমাধানের দিকে এগোয়।,2,2,2
natok_130,পরিবেশ দূষণ - ছোট নাটক 130,পরিবেশ দূষণ,emotional_drama,decision,বিশ্ববিদ্যালয়ের করিডর,বিকেল,দুঃখ,0.75,নাঈম | লাবণ্য,বিশ্ববিদ্যালয়ের করিডর-এ পরিবেশ দূষণ নিয়ে নাঈম ও লাবণ্য-এর মধ্যে সংক্ষিপ্ত দ্বন্দ্ব তৈরি হয় এবং শেষে তারা সমাধানের দিকে এগোয়।,2,2,2
natok_131,দারিদ্র্য ও শিক্ষা - ছোট নাটক 131,দারিদ্র্য ও শিক্ষা,social_drama,decision,গ্রামের উঠান,রাত,আশা,0.81,আফসানা | মিতা,গ্রামের উঠান-এ দারিদ্র্য ও শিক্ষা নিয়ে আফসানা ও মিতা-এর মধ্যে সংক্ষিপ্ত দ্বন্দ্ব তৈরি হয় এবং শেষে তারা সমাধানের দিকে এগোয়।,2,2,2
natok_132,বিশ্বাস ভঙ্গ - ছোট নাটক 132,বিশ্বাস ভঙ্গ,family_drama,revelation,বসার ঘর,বিকেল,দুঃখ,0.59,মিতা | মেহজাবিন,বসার ঘর-এ বিশ্বাস ভঙ্গ নিয়ে মিতা ও মেহজাবিন-এর মধ্যে সংক্ষিপ্ত দ্বন্দ্ব তৈরি হয় এবং শেষে তারা সমাধানের দিকে এগোয়।,2,2,2
natok_133,পুরোনো চিঠি - ছোট নাটক 133,পুরোনো চিঠি,student_life,reconciliation,বিশ্ববিদ্যালয়ের করিডর,সকাল,উদ্বেগ,0.85,রাহাত | মৌ,বিশ্ববিদ্যালয়ের করিডর-এ পুরোনো চিঠি নিয়ে রাহাত ও মৌ-এর মধ্যে সংক্ষিপ্ত দ্বন্দ্ব তৈরি হয় এবং শেষে তারা সমাধানের দিকে এগোয়।,2,2,2
natok_134,স্বপ্ন বনাম বাস্তবতা - ছোট নাটক 134,স্বপ্ন বনাম বাস্তবতা,awareness,revelation,শ্রেণিকক্ষ,বিকেল,দুঃখ,0.6,সুমাইয়া | মিতা,শ্রেণিকক্ষ-এ স্বপ্ন বনাম বাস্তবতা নিয়ে সুমাইয়া ও মিতা-এর মধ্যে সংক্ষিপ্ত দ্বন্দ্ব তৈরি হয় এবং শেষে তারা সমাধানের দিকে এগোয়।,2,2,2
natok_135,বেকারত্ব - ছোট নাটক 135,বেকারত্ব,emotional_drama,confrontation,বাসস্ট্যান্ড,সন্ধ্যা,উদ্বেগ,0.69,রিয়াদ | তানভীর,বাসস্ট্যান্ড-এ বেকারত্ব নিয়ে রিয়াদ ও তানভীর-এর মধ্যে সংক্ষিপ্ত দ্বন্দ্ব তৈরি হয় এবং শেষে তারা সমাধানের দিকে এগোয়।,2,2,2
natok_136,সাইবার বুলিং - ছোট নাটক 136,সাইবার বুলিং,social_drama,confrontation,ছাত্রাবাস,বিকেল,রাগ,0.66,সোহান | লাবণ্য,ছাত্রাবাস-এ সাইবার বুলিং নিয়ে সোহান ও লাবণ্য-এর মধ্যে সংক্ষিপ্ত দ্বন্দ্ব তৈরি হয় এবং শেষে তারা সমাধানের দিকে এগোয়।,2,2,2
natok_137,ভুয়া খবর - ছোট নাটক 137,ভুয়া খবর,family_drama,decision,বিশ্ববিদ্যালয়ের করিডর,সকাল,আশা,0.59,আরিফ | নাঈম,বিশ্ববিদ্যালয়ের করিডর-এ ভুয়া খবর নিয়ে আরিফ ও নাঈম-এর মধ্যে সংক্ষিপ্ত দ্বন্দ্ব তৈরি হয় এবং শেষে তারা সমাধানের দিকে এগোয়।,2,2,2
natok_138,পরীক্ষার চাপ - ছোট নাটক 138,পরীক্ষার চাপ,student_life,decision,বিশ্ববিদ্যালয়ের করিডর,সকাল,দ্বিধা,0.76,তিথি | নাঈম,বিশ্ববিদ্যালয়ের করিডর-এ পরীক্ষার চাপ নিয়ে তিথি ও নাঈম-এর মধ্যে সংক্ষিপ্ত দ্বন্দ্ব তৈরি হয় এবং শেষে তারা সমাধানের দিকে এগোয়।,2,2,2
natok_139,মোবাইল আসক্তি - ছোট নাটক 139,মোবাইল আসক্তি,awareness,reconciliation,বসার ঘর,বিকেল,দ্বিধা,0.62,নাবিল | তানভীর,বসার ঘর-এ মোবাইল আসক্তি নিয়ে নাবিল ও তানভীর-এর মধ্যে সংক্ষিপ্ত দ্বন্দ্ব তৈরি হয় এবং শেষে তারা সমাধানের দিকে এগোয়।,2,2,2
natok_140,বন্ধুত্বের পরীক্ষা - ছোট নাটক 140,বন্ধুত্বের পরীক্ষা,emotional_drama,reconciliation,শ্রেণিকক্ষ,সকাল,উদ্বেগ,0.61,আফসানা | তানভীর,শ্রেণিকক্ষ-এ বন্ধুত্বের পরীক্ষা নিয়ে আফসানা ও তানভীর-এর মধ্যে সংক্ষিপ্ত দ্বন্দ্ব তৈরি হয় এবং শেষে তারা সমাধানের দিকে এগোয়।,2,2,2
natok_141,পারিবারিক ভুল বোঝাবুঝি - ছোট নাটক 141,পারিবারিক ভুল বোঝাবুঝি,social_drama,decision,ছাত্রাবাস,রাত,রাগ,0.73,নীরা | সোহান,ছাত্রাবাস-এ পারিবারিক ভুল বোঝাবুঝি নিয়ে নীরা ও সোহান-এর মধ্যে সংক্ষিপ্ত দ্বন্দ্ব তৈরি হয় এবং শেষে তারা সমাধানের দিকে এগোয়।,2,2,2
natok_142,অনলাইন প্রতারণা - ছোট নাটক 142,অনলাইন প্রতারণা,family_drama,confrontation,বসার ঘর,রাত,উদ্বেগ,0.82,তানভীর | আফসানা,বসার ঘর-এ অনলাইন প্রতারণা নিয়ে তানভীর ও আফসানা-এর মধ্যে সংক্ষিপ্ত দ্বন্দ্ব তৈরি হয় এবং শেষে তারা সমাধানের দিকে এগোয়।,2,2,2
natok_143,নারীর শিক্ষা - ছোট নাটক 143,নারীর শিক্ষা,student_life,reconciliation,বসার ঘর,সন্ধ্যা,আশা,0.76,নাবিল | লাবণ্য,বসার ঘর-এ নারীর শিক্ষা নিয়ে নাবিল ও লাবণ্য-এর মধ্যে সংক্ষিপ্ত দ্বন্দ্ব তৈরি হয় এবং শেষে তারা সমাধানের দিকে এগোয়।,2,2,2
natok_144,সততার মূল্য - ছোট নাটক 144,সততার মূল্য,awareness,confrontation,পার্ক,রাত,দ্বিধা,0.71,ইমন | তানভীর,পার্ক-এ সততার মূল্য নিয়ে ইমন ও তানভীর-এর মধ্যে সংক্ষিপ্ত দ্বন্দ্ব তৈরি হয় এবং শেষে তারা সমাধানের দিকে এগোয়।,2,2,2
natok_145,পরিবেশ দূষণ - ছোট নাটক 145,পরিবেশ দূষণ,emotional_drama,decision,শ্রেণিকক্ষ,বিকেল,দ্বিধা,0.86,সুমাইয়া | মৌ,শ্রেণিকক্ষ-এ পরিবেশ দূষণ নিয়ে সুমাইয়া ও মৌ-এর মধ্যে সংক্ষিপ্ত দ্বন্দ্ব তৈরি হয় এবং শেষে তারা সমাধানের দিকে এগোয়।,2,2,2
natok_146,দারিদ্র্য ও শিক্ষা - ছোট নাটক 146,দারিদ্র্য ও শিক্ষা,social_drama,reconciliation,বিশ্ববিদ্যালয়ের করিডর,রাত,উদ্বেগ,0.56,রাফি | শীলা,বিশ্ববিদ্যালয়ের করিডর-এ দারিদ্র্য ও শিক্ষা নিয়ে রাফি ও শীলা-এর মধ্যে সংক্ষিপ্ত দ্বন্দ্ব তৈরি হয় এবং শেষে তারা সমাধানের দিকে এগোয়।,2,2,2
natok_147,বিশ্বাস ভঙ্গ - ছোট নাটক 147,বিশ্বাস ভঙ্গ,family_drama,revelation,বিশ্ববিদ্যালয়ের করিডর,রাত,দ্বিধা,0.69,আফসানা | তানভীর,বিশ্ববিদ্যালয়ের করিডর-এ বিশ্বাস ভঙ্গ নিয়ে আফসানা ও তানভীর-এর মধ্যে সংক্ষিপ্ত দ্বন্দ্ব তৈরি হয় এবং শেষে তারা সমাধানের দিকে এগোয়।,2,2,2
natok_148,পুরোনো চিঠি - ছোট নাটক 148,পুরোনো চিঠি,student_life,confrontation,ছাত্রাবাস,সন্ধ্যা,উদ্বেগ,0.84,শীলা | রিয়াদ,ছাত্রাবাস-এ পুরোনো চিঠি নিয়ে শীলা ও রিয়াদ-এর মধ্যে সংক্ষিপ্ত দ্বন্দ্ব তৈরি হয় এবং শেষে তারা সমাধানের দিকে এগোয়।,2,2,2
natok_149,স্বপ্ন বনাম বাস্তবতা - ছোট নাটক 149,স্বপ্ন বনাম বাস্তবতা,awareness,confrontation,গ্রামের উঠান,সন্ধ্যা,আশা,0.9,নাঈম | লাবণ্য,গ্রামের উঠান-এ স্বপ্ন বনাম বাস্তবতা নিয়ে নাঈম ও লাবণ্য-এর মধ্যে সংক্ষিপ্ত দ্বন্দ্ব তৈরি হয় এবং শেষে তারা সমাধানের দিকে এগোয়।,2,2,2
natok_150,বেকারত্ব - ছোট নাটক 150,বেকারত্ব,emotional_drama,confrontation,বিশ্ববিদ্যালয়ের করিডর,বিকেল,দুঃখ,0.72,মিতা | লাবণ্য,বিশ্ববিদ্যালয়ের করিডর-এ বেকারত্ব নিয়ে মিতা ও লাবণ্য-এর মধ্যে সংক্ষিপ্ত দ্বন্দ্ব তৈরি হয় এবং শেষে তারা সমাধানের দিকে এগোয়।,2,2,2
natok_151,সাইবার বুলিং - ছোট নাটক 151,সাইবার বুলিং,social_drama,confrontation,শ্রেণিকক্ষ,সকাল,রাগ,0.61,মৌ | রিয়াদ,শ্রেণিকক্ষ-এ সাইবার বুলিং নিয়ে মৌ ও রিয়াদ-এর মধ্যে সংক্ষিপ্ত দ্বন্দ্ব তৈরি হয় এবং শেষে তারা সমাধানের দিকে এগোয়।,2,2,2
natok_152,ভুয়া খবর - ছোট নাটক 152,ভুয়া খবর,family_drama,revelation,পার্ক,সকাল,উদ্বেগ,0.77,নাঈম | জয়া,পার্ক-এ ভুয়া খবর নিয়ে নাঈম ও জয়া-এর মধ্যে সংক্ষিপ্ত দ্বন্দ্ব তৈরি হয় এবং শেষে তারা সমাধানের দিকে এগোয়।,2,2,2
natok_153,পরীক্ষার চাপ - ছোট নাটক 153,পরীক্ষার চাপ,student_life,reconciliation,ছাত্রাবাস,সকাল,আশা,0.63,রিয়াদ | সামি,ছাত্রাবাস-এ পরীক্ষার চাপ নিয়ে রিয়াদ ও সামি-এর মধ্যে সংক্ষিপ্ত দ্বন্দ্ব তৈরি হয় এবং শেষে তারা সমাধানের দিকে এগোয়।,2,2,2
natok_154,মোবাইল আসক্তি - ছোট নাটক 154,মোবাইল আসক্তি,awareness,revelation,গ্রামের উঠান,রাত,আশা,0.63,নীরা | মিতা,গ্রামের উঠান-এ মোবাইল আসক্তি নিয়ে নীরা ও মিতা-এর মধ্যে সংক্ষিপ্ত দ্বন্দ্ব তৈরি হয় এবং শেষে তারা সমাধানের দিকে এগোয়।,2,2,2
natok_155,বন্ধুত্বের পরীক্ষা - ছোট নাটক 155,বন্ধুত্বের পরীক্ষা,emotional_drama,reconciliation,পার্ক,সন্ধ্যা,রাগ,0.67,মেহজাবিন | ইমন,পার্ক-এ বন্ধুত্বের পরীক্ষা নিয়ে মেহজাবিন ও ইমন-এর মধ্যে সংক্ষিপ্ত দ্বন্দ্ব তৈরি হয় এবং শেষে তারা সমাধানের দিকে এগোয়।,2,2,2
natok_156,পারিবারিক ভুল বোঝাবুঝি - ছোট নাটক 156,পারিবারিক ভুল বোঝাবুঝি,social_drama,decision,বাসস্ট্যান্ড,বিকেল,দ্বিধা,0.56,ইমন | সোহান,বাসস্ট্যান্ড-এ পারিবারিক ভুল বোঝাবুঝি নিয়ে ইমন ও সোহান-এর মধ্যে সংক্ষিপ্ত দ্বন্দ্ব তৈরি হয় এবং শেষে তারা সমাধানের দিকে এগোয়।,2,2,2
natok_157,অনলাইন প্রতারণা - ছোট নাটক 157,অনলাইন প্রতারণা,family_drama,revelation,গ্রামের উঠান,বিকেল,উদ্বেগ,0.67,রাফি | সোহান,গ্রামের উঠান-এ অনলাইন প্রতারণা নিয়ে রাফি ও সোহান-এর মধ্যে সংক্ষিপ্ত দ্বন্দ্ব তৈরি হয় এবং শেষে তারা সমাধানের দিকে এগোয়।,2,2,2
natok_158,নারীর শিক্ষা - ছোট নাটক 158,নারীর শিক্ষা,student_life,decision,চায়ের দোকান,বিকেল,দ্বিধা,0.76,ইমন | শীলা,চায়ের দোকান-এ নারীর শিক্ষা নিয়ে ইমন ও শীলা-এর মধ্যে সংক্ষিপ্ত দ্বন্দ্ব তৈরি হয় এবং শেষে তারা সমাধানের দিকে এগোয়।,2,2,2
natok_159,সততার মূল্য - ছোট নাটক 159,সততার মূল্য,awareness,reconciliation,বসার ঘর,সকাল,দুঃখ,0.82,আরিফ | নাবিল,বসার ঘর-এ সততার মূল্য নিয়ে আরিফ ও নাবিল-এর মধ্যে সংক্ষিপ্ত দ্বন্দ্ব তৈরি হয় এবং শেষে তারা সমাধানের দিকে এগোয়।,2,2,2
natok_160,পরিবেশ দূষণ - ছোট নাটক 160,পরিবেশ দূষণ,emotional_drama,revelation,চায়ের দোকান,সন্ধ্যা,দুঃখ,0.84,নীরা | সোহান,চায়ের দোকান-এ পরিবেশ দূষণ নিয়ে নীরা ও সোহান-এর মধ্যে সংক্ষিপ্ত দ্বন্দ্ব তৈরি হয় এবং শেষে তারা সমাধানের দিকে এগোয়।,2,2,2
natok_161,দারিদ্র্য ও শিক্ষা - ছোট নাটক 161,দারিদ্র্য ও শিক্ষা,social_drama,confrontation,ছাত্রাবাস,রাত,দুঃখ,0.9,ইমন | মেহজাবিন,ছাত্রাবাস-এ দারিদ্র্য ও শিক্ষা নিয়ে ইমন ও মেহজাবিন-এর মধ্যে সংক্ষিপ্ত দ্বন্দ্ব তৈরি হয় এবং শেষে তারা সমাধানের দিকে এগোয়।,2,2,2
natok_162,বিশ্বাস ভঙ্গ - ছোট নাটক 162,বিশ্বাস ভঙ্গ,family_drama,reconciliation,বসার ঘর,বিকেল,উদ্বেগ,0.6,ইমন | আফসানা,বসার ঘর-এ বিশ্বাস ভঙ্গ নিয়ে ইমন ও আফসানা-এর মধ্যে সংক্ষিপ্ত দ্বন্দ্ব তৈরি হয় এবং শেষে তারা সমাধানের দিকে এগোয়।,2,2,2
natok_163,পুরোনো চিঠি - ছোট নাটক 163,পুরোনো চিঠি,student_life,confrontation,শ্রেণিকক্ষ,সন্ধ্যা,রাগ,0.86,মিতা | মৌ,শ্রেণিকক্ষ-এ পুরোনো চিঠি নিয়ে মিতা ও মৌ-এর মধ্যে সংক্ষিপ্ত দ্বন্দ্ব তৈরি হয় এবং শেষে তারা সমাধানের দিকে এগোয়।,2,2,2
natok_164,স্বপ্ন বনাম বাস্তবতা - ছোট নাটক 164,স্বপ্ন বনাম বাস্তবতা,awareness,decision,চায়ের দোকান,সকাল,উদ্বেগ,0.88,রিয়াদ | মিতা,চায়ের দোকান-এ স্বপ্ন বনাম বাস্তবতা নিয়ে রিয়াদ ও মিতা-এর মধ্যে সংক্ষিপ্ত দ্বন্দ্ব তৈরি হয় এবং শেষে তারা সমাধানের দিকে এগোয়।,2,2,2
natok_165,বেকারত্ব - ছোট নাটক 165,বেকারত্ব,emotional_drama,confrontation,ছাত্রাবাস,সন্ধ্যা,দুঃখ,0.74,লাবণ্য | তানভীর,ছাত্রাবাস-এ বেকারত্ব নিয়ে লাবণ্য ও তানভীর-এর মধ্যে সংক্ষিপ্ত দ্বন্দ্ব তৈরি হয় এবং শেষে তারা সমাধানের দিকে এগোয়।,2,2,2
natok_166,সাইবার বুলিং - ছোট নাটক 166,সাইবার বুলিং,social_drama,revelation,শ্রেণিকক্ষ,রাত,দ্বিধা,0.63,নীরা | মৌ,শ্রেণিকক্ষ-এ সাইবার বুলিং নিয়ে নীরা ও মৌ-এর মধ্যে সংক্ষিপ্ত দ্বন্দ্ব তৈরি হয় এবং শেষে তারা সমাধানের দিকে এগোয়।,2,2,2
natok_167,ভুয়া খবর - ছোট নাটক 167,ভুয়া খবর,family_drama,confrontation,পার্ক,রাত,দুঃখ,0.79,নীরা | রাফি,পার্ক-এ ভুয়া খবর নিয়ে নীরা ও রাফি-এর মধ্যে সংক্ষিপ্ত দ্বন্দ্ব তৈরি হয় এবং শেষে তারা সমাধানের দিকে এগোয়।,2,2,2
natok_168,পরীক্ষার চাপ - ছোট নাটক 168,পরীক্ষার চাপ,student_life,decision,বাসস্ট্যান্ড,সন্ধ্যা,দুঃখ,0.59,নাবিল | তানভীর,বাসস্ট্যান্ড-এ পরীক্ষার চাপ নিয়ে নাবিল ও তানভীর-এর মধ্যে সংক্ষিপ্ত দ্বন্দ্ব তৈরি হয় এবং শেষে তারা সমাধানের দিকে এগোয়।,2,2,2
natok_169,মোবাইল আসক্তি - ছোট নাটক 169,মোবাইল আসক্তি,awareness,confrontation,বসার ঘর,সকাল,দ্বিধা,0.9,মেহজাবিন | তানভীর,বসার ঘর-এ মোবাইল আসক্তি নিয়ে মেহজাবিন ও তানভীর-এর মধ্যে সংক্ষিপ্ত দ্বন্দ্ব তৈরি হয় এবং শেষে তারা সমাধানের দিকে এগোয়।,2,2,2
natok_170,বন্ধুত্বের পরীক্ষা - ছোট নাটক 170,বন্ধুত্বের পরীক্ষা,emotional_drama,decision,ছাত্রাবাস,সকাল,উদ্বেগ,0.77,জয়া | সামি,ছাত্রাবাস-এ বন্ধুত্বের পরীক্ষা নিয়ে জয়া ও সামি-এর মধ্যে সংক্ষিপ্ত দ্বন্দ্ব তৈরি হয় এবং শেষে তারা সমাধানের দিকে এগোয়।,2,2,2
natok_171,পারিবারিক ভুল বোঝাবুঝি - ছোট নাটক 171,পারিবারিক ভুল বোঝাবুঝি,social_drama,confrontation,বসার ঘর,সন্ধ্যা,আশা,0.66,রাহাত | নীরা,বসার ঘর-এ পারিবারিক ভুল বোঝাবুঝি নিয়ে রাহাত ও নীরা-এর মধ্যে সংক্ষিপ্ত দ্বন্দ্ব তৈরি হয় এবং শেষে তারা সমাধানের দিকে এগোয়।,2,2,2
natok_172,অনলাইন প্রতারণা - ছোট নাটক 172,অনলাইন প্রতারণা,family_drama,reconciliation,ছাত্রাবাস,সকাল,দুঃখ,0.72,সুমাইয়া | আফসানা,ছাত্রাবাস-এ অনলাইন প্রতারণা নিয়ে সুমাইয়া ও আফসানা-এর মধ্যে সংক্ষিপ্ত দ্বন্দ্ব তৈরি হয় এবং শেষে তারা সমাধানের দিকে এগোয়।,2,2,2
natok_173,নারীর শিক্ষা - ছোট নাটক 173,নারীর শিক্ষা,student_life,reconciliation,শ্রেণিকক্ষ,রাত,দুঃখ,0.63,জয়া | সুমাইয়া,শ্রেণিকক্ষ-এ নারীর শিক্ষা নিয়ে জয়া ও সুমাইয়া-এর মধ্যে সংক্ষিপ্ত দ্বন্দ্ব তৈরি হয় এবং শেষে তারা সমাধানের দিকে এগোয়।,2,2,2
natok_174,সততার মূল্য - ছোট নাটক 174,সততার মূল্য,awareness,reconciliation,বিশ্ববিদ্যালয়ের করিডর,সকাল,দুঃখ,0.87,আফসানা | রাফি,বিশ্ববিদ্যালয়ের করিডর-এ সততার মূল্য নিয়ে আফসানা ও রাফি-এর মধ্যে সংক্ষিপ্ত দ্বন্দ্ব তৈরি হয় এবং শেষে তারা সমাধানের দিকে এগোয়।,2,2,2
natok_175,পরিবেশ দূষণ - ছোট নাটক 175,পরিবেশ দূষণ,emotional_drama,reconciliation,শ্রেণিকক্ষ,রাত,আশা,0.87,সুমাইয়া | ইমন,শ্রেণিকক্ষ-এ পরিবেশ দূষণ নিয়ে সুমাইয়া ও ইমন-এর মধ্যে সংক্ষিপ্ত দ্বন্দ্ব তৈরি হয় এবং শেষে তারা সমাধানের দিকে এগোয়।,2,2,2
natok_176,দারিদ্র্য ও শিক্ষা - ছোট নাটক 176,দারিদ্র্য ও শিক্ষা,social_drama,decision,বসার ঘর,সন্ধ্যা,আশা,0.86,নাবিল | ইমন,বসার ঘর-এ দারিদ্র্য ও শিক্ষা নিয়ে নাবিল ও ইমন-এর মধ্যে সংক্ষিপ্ত দ্বন্দ্ব তৈরি হয় এবং শেষে তারা সমাধানের দিকে এগোয়।,2,2,2
natok_177,বিশ্বাস ভঙ্গ - ছোট নাটক 177,বিশ্বাস ভঙ্গ,family_drama,reconciliation,চায়ের দোকান,রাত,উদ্বেগ,0.59,রাফি | আরিফ,চায়ের দোকান-এ বিশ্বাস ভঙ্গ নিয়ে রাফি ও আরিফ-এর মধ্যে সংক্ষিপ্ত দ্বন্দ্ব তৈরি হয় এবং শেষে তারা সমাধানের দিকে এগোয়।,2,2,2
natok_178,পুরোনো চিঠি - ছোট নাটক 178,পুরোনো চিঠি,student_life,revelation,বসার ঘর,সকাল,আশা,0.87,সুমাইয়া | আরিফ,বসার ঘর-এ পুরোনো চিঠি নিয়ে সুমাইয়া ও আরিফ-এর মধ্যে সংক্ষিপ্ত দ্বন্দ্ব তৈরি হয় এবং শেষে তারা সমাধানের দিকে এগোয়।,2,2,2
natok_179,স্বপ্ন বনাম বাস্তবতা - ছোট নাটক 179,স্বপ্ন বনাম বাস্তবতা,awareness,reconciliation,বাসস্ট্যান্ড,বিকেল,দুঃখ,0.75,রিয়াদ | সামি,বাসস্ট্যান্ড-এ স্বপ্ন বনাম বাস্তবতা নিয়ে রিয়াদ ও সামি-এর মধ্যে সংক্ষিপ্ত দ্বন্দ্ব তৈরি হয় এবং শেষে তারা সমাধানের দিকে এগোয়।,2,2,2
natok_180,বেকারত্ব - ছোট নাটক 180,বেকারত্ব,emotional_drama,decision,ছাত্রাবাস,সকাল,দুঃখ,0.7,সামি | নাবিল,ছাত্রাবাস-এ বেকারত্ব নিয়ে সামি ও নাবিল-এর মধ্যে সংক্ষিপ্ত দ্বন্দ্ব তৈরি হয় এবং শেষে তারা সমাধানের দিকে এগোয়।,2,2,2
natok_181,সাইবার বুলিং - ছোট নাটক 181,সাইবার বুলিং,social_drama,reconciliation,বসার ঘর,সকাল,আশা,0.67,সামি | আরিফ,বসার ঘর-এ সাইবার বুলিং নিয়ে সামি ও আরিফ-এর মধ্যে সংক্ষিপ্ত দ্বন্দ্ব তৈরি হয় এবং শেষে তারা সমাধানের দিকে এগোয়।,2,2,2
natok_182,ভুয়া খবর - ছোট নাটক 182,ভুয়া খবর,family_drama,confrontation,ছাত্রাবাস,সকাল,দ্বিধা,0.59,আফসানা | মৌ,ছাত্রাবাস-এ ভুয়া খবর নিয়ে আফসানা ও মৌ-এর মধ্যে সংক্ষিপ্ত দ্বন্দ্ব তৈরি হয় এবং শেষে তারা সমাধানের দিকে এগোয়।,2,2,2
natok_183,পরীক্ষার চাপ - ছোট নাটক 183,পরীক্ষার চাপ,student_life,confrontation,গ্রামের উঠান,সকাল,উদ্বেগ,0.9,রাহাত | সুমাইয়া,গ্রামের উঠান-এ পরীক্ষার চাপ নিয়ে রাহাত ও সুমাইয়া-এর মধ্যে সংক্ষিপ্ত দ্বন্দ্ব তৈরি হয় এবং শেষে তারা সমাধানের দিকে এগোয়।,2,2,2
natok_184,মোবাইল আসক্তি - ছোট নাটক 184,মোবাইল আসক্তি,awareness,reconciliation,পার্ক,বিকেল,আশা,0.73,জয়া | নাঈম,পার্ক-এ মোবাইল আসক্তি নিয়ে জয়া ও নাঈম-এর মধ্যে সংক্ষিপ্ত দ্বন্দ্ব তৈরি হয় এবং শেষে তারা সমাধানের দিকে এগোয়।,2,2,2
natok_185,বন্ধুত্বের পরীক্ষা - ছোট নাটক 185,বন্ধুত্বের পরীক্ষা,emotional_drama,reconciliation,চায়ের দোকান,রাত,উদ্বেগ,0.66,আফসানা | সোহান,চায়ের দোকান-এ বন্ধুত্বের পরীক্ষা নিয়ে আফসানা ও সোহান-এর মধ্যে সংক্ষিপ্ত দ্বন্দ্ব তৈরি হয় এবং শেষে তারা সমাধানের দিকে এগোয়।,2,2,2
natok_186,পারিবারিক ভুল বোঝাবুঝি - ছোট নাটক 186,পারিবারিক ভুল বোঝাবুঝি,social_drama,reconciliation,পার্ক,সন্ধ্যা,রাগ,0.73,সোহান | রিয়াদ,পার্ক-এ পারিবারিক ভুল বোঝাবুঝি নিয়ে সোহান ও রিয়াদ-এর মধ্যে সংক্ষিপ্ত দ্বন্দ্ব তৈরি হয় এবং শেষে তারা সমাধানের দিকে এগোয়।,2,2,2
natok_187,অনলাইন প্রতারণা - ছোট নাটক 187,অনলাইন প্রতারণা,family_drama,revelation,গ্রামের উঠান,সকাল,উদ্বেগ,0.89,রাহাত | আফসানা,গ্রামের উঠান-এ অনলাইন প্রতারণা নিয়ে রাহাত ও আফসানা-এর মধ্যে সংক্ষিপ্ত দ্বন্দ্ব তৈরি হয় এবং শেষে তারা সমাধানের দিকে এগোয়।,2,2,2
natok_188,নারীর শিক্ষা - ছোট নাটক 188,নারীর শিক্ষা,student_life,revelation,চায়ের দোকান,সন্ধ্যা,দুঃখ,0.6,সোহান | আফসানা,চায়ের দোকান-এ নারীর শিক্ষা নিয়ে সোহান ও আফসানা-এর মধ্যে সংক্ষিপ্ত দ্বন্দ্ব তৈরি হয় এবং শেষে তারা সমাধানের দিকে এগোয়।,2,2,2
natok_189,সততার মূল্য - ছোট নাটক 189,সততার মূল্য,awareness,decision,বাসস্ট্যান্ড,সন্ধ্যা,রাগ,0.87,রাফি | তানভীর,বাসস্ট্যান্ড-এ সততার মূল্য নিয়ে রাফি ও তানভীর-এর মধ্যে সংক্ষিপ্ত দ্বন্দ্ব তৈরি হয় এবং শেষে তারা সমাধানের দিকে এগোয়।,2,2,2
natok_190,পরিবেশ দূষণ - ছোট নাটক 190,পরিবেশ দূষণ,emotional_drama,decision,গ্রামের উঠান,সকাল,দুঃখ,0.77,রিয়াদ | সামি,গ্রামের উঠান-এ পরিবেশ দূষণ নিয়ে রিয়াদ ও সামি-এর মধ্যে সংক্ষিপ্ত দ্বন্দ্ব তৈরি হয় এবং শেষে তারা সমাধানের দিকে এগোয়।,2,2,2
natok_191,দারিদ্র্য ও শিক্ষা - ছোট নাটক 191,দারিদ্র্য ও শিক্ষা,social_drama,confrontation,চায়ের দোকান,বিকেল,আশা,0.57,নীরা | রাফি,চায়ের দোকান-এ দারিদ্র্য ও শিক্ষা নিয়ে নীরা ও রাফি-এর মধ্যে সংক্ষিপ্ত দ্বন্দ্ব তৈরি হয় এবং শেষে তারা সমাধানের দিকে এগোয়।,2,2,2
natok_192,বিশ্বাস ভঙ্গ - ছোট নাটক 192,বিশ্বাস ভঙ্গ,family_drama,decision,ছাত্রাবাস,সকাল,দ্বিধা,0.69,সামি | রিয়াদ,ছাত্রাবাস-এ বিশ্বাস ভঙ্গ নিয়ে সামি ও রিয়াদ-এর মধ্যে সংক্ষিপ্ত দ্বন্দ্ব তৈরি হয় এবং শেষে তারা সমাধানের দিকে এগোয়।,2,2,2
natok_193,পুরোনো চিঠি - ছোট নাটক 193,পুরোনো চিঠি,student_life,confrontation,বিশ্ববিদ্যালয়ের করিডর,সকাল,উদ্বেগ,0.75,সোহান | সুমাইয়া,বিশ্ববিদ্যালয়ের করিডর-এ পুরোনো চিঠি নিয়ে সোহান ও সুমাইয়া-এর মধ্যে সংক্ষিপ্ত দ্বন্দ্ব তৈরি হয় এবং শেষে তারা সমাধানের দিকে এগোয়।,2,2,2
natok_194,স্বপ্ন বনাম বাস্তবতা - ছোট নাটক 194,স্বপ্ন বনাম বাস্তবতা,awareness,decision,বাসস্ট্যান্ড,রাত,উদ্বেগ,0.74,সোহান | মিতা,বাসস্ট্যান্ড-এ স্বপ্ন বনাম বাস্তবতা নিয়ে সোহান ও মিতা-এর মধ্যে সংক্ষিপ্ত দ্বন্দ্ব তৈরি হয় এবং শেষে তারা সমাধানের দিকে এগোয়।,2,2,2
natok_195,বেকারত্ব - ছোট নাটক 195,বেকারত্ব,emotional_drama,decision,গ্রামের উঠান,সন্ধ্যা,আশা,0.74,রিয়াদ | মৌ,গ্রামের উঠান-এ বেকারত্ব নিয়ে রিয়াদ ও মৌ-এর মধ্যে সংক্ষিপ্ত দ্বন্দ্ব তৈরি হয় এবং শেষে তারা সমাধানের দিকে এগোয়।,2,2,2
natok_196,সাইবার বুলিং - ছোট নাটক 196,সাইবার বুলিং,social_drama,confrontation,শ্রেণিকক্ষ,সকাল,আশা,0.73,রাহাত | নাবিল,শ্রেণিকক্ষ-এ সাইবার বুলিং নিয়ে রাহাত ও নাবিল-এর মধ্যে সংক্ষিপ্ত দ্বন্দ্ব তৈরি হয় এবং শেষে তারা সমাধানের দিকে এগোয়।,2,2,2
natok_197,ভুয়া খবর - ছোট নাটক 197,ভুয়া খবর,family_drama,revelation,শ্রেণিকক্ষ,সন্ধ্যা,দ্বিধা,0.71,মৌ | সুমাইয়া,শ্রেণিকক্ষ-এ ভুয়া খবর নিয়ে মৌ ও সুমাইয়া-এর মধ্যে সংক্ষিপ্ত দ্বন্দ্ব তৈরি হয় এবং শেষে তারা সমাধানের দিকে এগোয়।,2,2,2
natok_198,পরীক্ষার চাপ - ছোট নাটক 198,পরীক্ষার চাপ,student_life,reconciliation,বসার ঘর,বিকেল,রাগ,0.64,সোহান | রাফি,বসার ঘর-এ পরীক্ষার চাপ নিয়ে সোহান ও রাফি-এর মধ্যে সংক্ষিপ্ত দ্বন্দ্ব তৈরি হয় এবং শেষে তারা সমাধানের দিকে এগোয়।,2,2,2
natok_199,মোবাইল আসক্তি - ছোট নাটক 199,মোবাইল আসক্তি,awareness,reconciliation,চায়ের দোকান,সন্ধ্যা,দুঃখ,0.84,রাহাত | লাবণ্য,চায়ের দোকান-এ মোবাইল আসক্তি নিয়ে রাহাত ও লাবণ্য-এর মধ্যে সংক্ষিপ্ত দ্বন্দ্ব তৈরি হয় এবং শেষে তারা সমাধানের দিকে এগোয়।,2,2,2
natok_200,বন্ধুত্বের পরীক্ষা - ছোট নাটক 200,বন্ধুত্বের পরীক্ষা,emotional_drama,confrontation,ছাত্রাবাস,বিকেল,উদ্বেগ,0.57,মেহজাবিন | সামি,ছাত্রাবাস-এ বন্ধুত্বের পরীক্ষা নিয়ে মেহজাবিন ও সামি-এর মধ্যে সংক্ষিপ্ত দ্বন্দ্ব তৈরি হয় এবং শেষে তারা সমাধানের দিকে এগোয়।,2,2,2
natok_201,পারিবারিক ভুল বোঝাবুঝি - ছোট নাটক 201,পারিবারিক ভুল বোঝাবুঝি,social_drama,decision,বাসস্ট্যান্ড,সকাল,দুঃখ,0.71,তানভীর | সুমাইয়া,বাসস্ট্যান্ড-এ পারিবারিক ভুল বোঝাবুঝি নিয়ে তানভীর ও সুমাইয়া-এর মধ্যে সংক্ষিপ্ত দ্বন্দ্ব তৈরি হয় এবং শেষে তারা সমাধানের দিকে এগোয়।,2,2,2
natok_202,অনলাইন প্রতারণা - ছোট নাটক 202,অনলাইন প্রতারণা,family_drama,revelation,বাসস্ট্যান্ড,রাত,রাগ,0.8,ইমন | সামি,বাসস্ট্যান্ড-এ অনলাইন প্রতারণা নিয়ে ইমন ও সামি-এর মধ্যে সংক্ষিপ্ত দ্বন্দ্ব তৈরি হয় এবং শেষে তারা সমাধানের দিকে এগোয়।,2,2,2
natok_203,নারীর শিক্ষা - ছোট নাটক 203,নারীর শিক্ষা,student_life,confrontation,বসার ঘর,সন্ধ্যা,দ্বিধা,0.89,মিতা | সোহান,বসার ঘর-এ নারীর শিক্ষা নিয়ে মিতা ও সোহান-এর মধ্যে সংক্ষিপ্ত দ্বন্দ্ব তৈরি হয় এবং শেষে তারা সমাধানের দিকে এগোয়।,2,2,2
natok_204,সততার মূল্য - ছোট নাটক 204,সততার মূল্য,awareness,confrontation,চায়ের দোকান,রাত,আশা,0.88,সামি | আফসানা,চায়ের দোকান-এ সততার মূল্য নিয়ে সামি ও আফসানা-এর মধ্যে সংক্ষিপ্ত দ্বন্দ্ব তৈরি হয় এবং শেষে তারা সমাধানের দিকে এগোয়।,2,2,2
natok_205,পরিবেশ দূষণ - ছোট নাটক 205,পরিবেশ দূষণ,emotional_drama,decision,ছাত্রাবাস,রাত,দ্বিধা,0.89,রাহাত | রাফি,ছাত্রাবাস-এ পরিবেশ দূষণ নিয়ে রাহাত ও রাফি-এর মধ্যে সংক্ষিপ্ত দ্বন্দ্ব তৈরি হয় এবং শেষে তারা সমাধানের দিকে এগোয়।,2,2,2
natok_206,দারিদ্র্য ও শিক্ষা - ছোট নাটক 206,দারিদ্র্য ও শিক্ষা,social_drama,confrontation,বাসস্ট্যান্ড,সকাল,আশা,0.82,ইমন | শীলা,বাসস্ট্যান্ড-এ দারিদ্র্য ও শিক্ষা নিয়ে ইমন ও শীলা-এর মধ্যে সংক্ষিপ্ত দ্বন্দ্ব তৈরি হয় এবং শেষে তারা সমাধানের দিকে এগোয়।,2,2,2
natok_207,বিশ্বাস ভঙ্গ - ছোট নাটক 207,বিশ্বাস ভঙ্গ,family_drama,revelation,ছাত্রাবাস,রাত,উদ্বেগ,0.8,মিতা | ইমন,ছাত্রাবাস-এ বিশ্বাস ভঙ্গ নিয়ে মিতা ও ইমন-এর মধ্যে সংক্ষিপ্ত দ্বন্দ্ব তৈরি হয় এবং শেষে তারা সমাধানের দিকে এগোয়।,2,2,2
natok_208,পুরোনো চিঠি - ছোট নাটক 208,পুরোনো চিঠি,student_life,reconciliation,শ্রেণিকক্ষ,বিকেল,দুঃখ,0.57,ইমন | নাঈম,শ্রেণিকক্ষ-এ পুরোনো চিঠি নিয়ে ইমন ও নাঈম-এর মধ্যে সংক্ষিপ্ত দ্বন্দ্ব তৈরি হয় এবং শেষে তারা সমাধানের দিকে এগোয়।,2,2,2
natok_209,স্বপ্ন বনাম বাস্তবতা - ছোট নাটক 209,স্বপ্ন বনাম বাস্তবতা,awareness,decision,চায়ের দোকান,রাত,উদ্বেগ,0.84,নাঈম | আফসানা,চায়ের দোকান-এ স্বপ্ন বনাম বাস্তবতা নিয়ে নাঈম ও আফসানা-এর মধ্যে সংক্ষিপ্ত দ্বন্দ্ব তৈরি হয় এবং শেষে তারা সমাধানের দিকে এগোয়।,2,2,2
natok_210,বেকারত্ব - ছোট নাটক 210,বেকারত্ব,emotional_drama,confrontation,বাসস্ট্যান্ড,সন্ধ্যা,দ্বিধা,0.65,লাবণ্য | তিথি,বাসস্ট্যান্ড-এ বেকারত্ব নিয়ে লাবণ্য ও তিথি-এর মধ্যে সংক্ষিপ্ত দ্বন্দ্ব তৈরি হয় এবং শেষে তারা সমাধানের দিকে এগোয়।,2,2,2
natok_211,সাইবার বুলিং - ছোট নাটক 211,সাইবার বুলিং,social_drama,decision,পার্ক,সন্ধ্যা,দ্বিধা,0.64,তানভীর | তিথি,পার্ক-এ সাইবার বুলিং নিয়ে তানভীর ও তিথি-এর মধ্যে সংক্ষিপ্ত দ্বন্দ্ব তৈরি হয় এবং শেষে তারা সমাধানের দিকে এগোয়।,2,2,2
natok_212,ভুয়া খবর - ছোট নাটক 212,ভুয়া খবর,family_drama,decision,বিশ্ববিদ্যালয়ের করিডর,রাত,রাগ,0.73,মৌ | আরিফ,বিশ্ববিদ্যালয়ের করিডর-এ ভুয়া খবর নিয়ে মৌ ও আরিফ-এর মধ্যে সংক্ষিপ্ত দ্বন্দ্ব তৈরি হয় এবং শেষে তারা সমাধানের দিকে এগোয়।,2,2,2
natok_213,পরীক্ষার চাপ - ছোট নাটক 213,পরীক্ষার চাপ,student_life,confrontation,চায়ের দোকান,সন্ধ্যা,দ্বিধা,0.7,জয়া | সামি,চায়ের দোকান-এ পরীক্ষার চাপ নিয়ে জয়া ও সামি-এর মধ্যে সংক্ষিপ্ত দ্বন্দ্ব তৈরি হয় এবং শেষে তারা সমাধানের দিকে এগোয়।,2,2,2
natok_214,মোবাইল আসক্তি - ছোট নাটক 214,মোবাইল আসক্তি,awareness,revelation,ছাত্রাবাস,সন্ধ্যা,রাগ,0.58,শীলা | রাহাত,ছাত্রাবাস-এ মোবাইল আসক্তি নিয়ে শীলা ও রাহাত-এর মধ্যে সংক্ষিপ্ত দ্বন্দ্ব তৈরি হয় এবং শেষে তারা সমাধানের দিকে এগোয়।,2,2,2
natok_215,বন্ধুত্বের পরীক্ষা - ছোট নাটক 215,বন্ধুত্বের পরীক্ষা,emotional_drama,reconciliation,বাসস্ট্যান্ড,রাত,দুঃখ,0.86,তানভীর | ইমন,বাসস্ট্যান্ড-এ বন্ধুত্বের পরীক্ষা নিয়ে তানভীর ও ইমন-এর মধ্যে সংক্ষিপ্ত দ্বন্দ্ব তৈরি হয় এবং শেষে তারা সমাধানের দিকে এগোয়।,2,2,2
natok_216,পারিবারিক ভুল বোঝাবুঝি - ছোট নাটক 216,পারিবারিক ভুল বোঝাবুঝি,social_drama,reconciliation,পার্ক,রাত,রাগ,0.58,তানভীর | ইমন,পার্ক-এ পারিবারিক ভুল বোঝাবুঝি নিয়ে তানভীর ও ইমন-এর মধ্যে সংক্ষিপ্ত দ্বন্দ্ব তৈরি হয় এবং শেষে তারা সমাধানের দিকে এগোয়।,2,2,2
natok_217,অনলাইন প্রতারণা - ছোট নাটক 217,অনলাইন প্রতারণা,family_drama,confrontation,বিশ্ববিদ্যালয়ের করিডর,রাত,আশা,0.6,সামি | রিয়াদ,বিশ্ববিদ্যালয়ের করিডর-এ অনলাইন প্রতারণা নিয়ে সামি ও রিয়াদ-এর মধ্যে সংক্ষিপ্ত দ্বন্দ্ব তৈরি হয় এবং শেষে তারা সমাধানের দিকে এগোয়।,2,2,2
natok_218,নারীর শিক্ষা - ছোট নাটক 218,নারীর শিক্ষা,student_life,confrontation,গ্রামের উঠান,সন্ধ্যা,দ্বিধা,0.64,লাবণ্য | মিতা,গ্রামের উঠান-এ নারীর শিক্ষা নিয়ে লাবণ্য ও মিতা-এর মধ্যে সংক্ষিপ্ত দ্বন্দ্ব তৈরি হয় এবং শেষে তারা সমাধানের দিকে এগোয়।,2,2,2
natok_219,সততার মূল্য - ছোট নাটক 219,সততার মূল্য,awareness,decision,বাসস্ট্যান্ড,বিকেল,দুঃখ,0.57,মেহজাবিন | মৌ,বাসস্ট্যান্ড-এ সততার মূল্য নিয়ে মেহজাবিন ও মৌ-এর মধ্যে সংক্ষিপ্ত দ্বন্দ্ব তৈরি হয় এবং শেষে তারা সমাধানের দিকে এগোয়।,2,2,2
natok_220,পরিবেশ দূষণ - ছোট নাটক 220,পরিবেশ দূষণ,emotional_drama,confrontation,পার্ক,রাত,আশা,0.84,মৌ | আফসানা,পার্ক-এ পরিবেশ দূষণ নিয়ে মৌ ও আফসানা-এর মধ্যে সংক্ষিপ্ত দ্বন্দ্ব তৈরি হয় এবং শেষে তারা সমাধানের দিকে এগোয়।,2,2,2
natok_221,দারিদ্র্য ও শিক্ষা - ছোট নাটক 221,দারিদ্র্য ও শিক্ষা,social_drama,revelation,চায়ের দোকান,সকাল,দুঃখ,0.7,মিতা | রাহাত,চায়ের দোকান-এ দারিদ্র্য ও শিক্ষা নিয়ে মিতা ও রাহাত-এর মধ্যে সংক্ষিপ্ত দ্বন্দ্ব তৈরি হয় এবং শেষে তারা সমাধানের দিকে এগোয়।,2,2,2
natok_222,বিশ্বাস ভঙ্গ - ছোট নাটক 222,বিশ্বাস ভঙ্গ,family_drama,revelation,গ্রামের উঠান,বিকেল,দুঃখ,0.73,তিথি | মিতা,গ্রামের উঠান-এ বিশ্বাস ভঙ্গ নিয়ে তিথি ও মিতা-এর মধ্যে সংক্ষিপ্ত দ্বন্দ্ব তৈরি হয় এবং শেষে তারা সমাধানের দিকে এগোয়।,2,2,2
natok_223,পুরোনো চিঠি - ছোট নাটক 223,পুরোনো চিঠি,student_life,confrontation,চায়ের দোকান,বিকেল,দ্বিধা,0.65,তানভীর | তিথি,চায়ের দোকান-এ পুরোনো চিঠি নিয়ে তানভীর ও তিথি-এর মধ্যে সংক্ষিপ্ত দ্বন্দ্ব তৈরি হয় এবং শেষে তারা সমাধানের দিকে এগোয়।,2,2,2
natok_224,স্বপ্ন বনাম বাস্তবতা - ছোট নাটক 224,স্বপ্ন বনাম বাস্তবতা,awareness,confrontation,ছাত্রাবাস,সন্ধ্যা,দ্বিধা,0.6,নীরা | রিয়াদ,ছাত্রাবাস-এ স্বপ্ন বনাম বাস্তবতা নিয়ে নীরা ও রিয়াদ-এর মধ্যে সংক্ষিপ্ত দ্বন্দ্ব তৈরি হয় এবং শেষে তারা সমাধানের দিকে এগোয়।,2,2,2
natok_225,বেকারত্ব - ছোট নাটক 225,বেকারত্ব,emotional_drama,confrontation,বসার ঘর,বিকেল,আশা,0.73,মেহজাবিন | নীরা,বসার ঘর-এ বেকারত্ব নিয়ে মেহজাবিন ও নীরা-এর মধ্যে সংক্ষিপ্ত দ্বন্দ্ব তৈরি হয় এবং শেষে তারা সমাধানের দিকে এগোয়।,2,2,2
natok_226,সাইবার বুলিং - ছোট নাটক 226,সাইবার বুলিং,social_drama,revelation,ছাত্রাবাস,বিকেল,দ্বিধা,0.64,মেহজাবিন | জয়া,ছাত্রাবাস-এ সাইবার বুলিং নিয়ে মেহজাবিন ও জয়া-এর মধ্যে সংক্ষিপ্ত দ্বন্দ্ব তৈরি হয় এবং শেষে তারা সমাধানের দিকে এগোয়।,2,2,2
natok_227,ভুয়া খবর - ছোট নাটক 227,ভুয়া খবর,family_drama,decision,শ্রেণিকক্ষ,রাত,দ্বিধা,0.64,নীরা | রিয়াদ,শ্রেণিকক্ষ-এ ভুয়া খবর নিয়ে নীরা ও রিয়াদ-এর মধ্যে সংক্ষিপ্ত দ্বন্দ্ব তৈরি হয় এবং শেষে তারা সমাধানের দিকে এগোয়।,2,2,2
natok_228,পরীক্ষার চাপ - ছোট নাটক 228,পরীক্ষার চাপ,student_life,reconciliation,বসার ঘর,সকাল,রাগ,0.56,আফসানা | সুমাইয়া,বসার ঘর-এ পরীক্ষার চাপ নিয়ে আফসানা ও সুমাইয়া-এর মধ্যে সংক্ষিপ্ত দ্বন্দ্ব তৈরি হয় এবং শেষে তারা সমাধানের দিকে এগোয়।,2,2,2
natok_229,মোবাইল আসক্তি - ছোট নাটক 229,মোবাইল আসক্তি,awareness,decision,বাসস্ট্যান্ড,সকাল,দ্বিধা,0.66,রিয়াদ | তিথি,বাসস্ট্যান্ড-এ মোবাইল আসক্তি নিয়ে রিয়াদ ও তিথি-এর মধ্যে সংক্ষিপ্ত দ্বন্দ্ব তৈরি হয় এবং শেষে তারা সমাধানের দিকে এগোয়।,2,2,2
natok_230,বন্ধুত্বের পরীক্ষা - ছোট নাটক 230,বন্ধুত্বের পরীক্ষা,emotional_drama,revelation,বসার ঘর,বিকেল,আশা,0.74,রাহাত | তিথি,বসার ঘর-এ বন্ধুত্বের পরীক্ষা নিয়ে রাহাত ও তিথি-এর মধ্যে সংক্ষিপ্ত দ্বন্দ্ব তৈরি হয় এবং শেষে তারা সমাধানের দিকে এগোয়।,2,2,2
natok_231,পারিবারিক ভুল বোঝাবুঝি - ছোট নাটক 231,পারিবারিক ভুল বোঝাবুঝি,social_drama,confrontation,ছাত্রাবাস,সকাল,রাগ,0.88,নাঈম | রাহাত,ছাত্রাবাস-এ পারিবারিক ভুল বোঝাবুঝি নিয়ে নাঈম ও রাহাত-এর মধ্যে সংক্ষিপ্ত দ্বন্দ্ব তৈরি হয় এবং শেষে তারা সমাধানের দিকে এগোয়।,2,2,2
natok_232,অনলাইন প্রতারণা - ছোট নাটক 232,অনলাইন প্রতারণা,family_drama,decision,চায়ের দোকান,সকাল,রাগ,0.78,জয়া | রিয়াদ,চায়ের দোকান-এ অনলাইন প্রতারণা নিয়ে জয়া ও রিয়াদ-এর মধ্যে সংক্ষিপ্ত দ্বন্দ্ব তৈরি হয় এবং শেষে তারা সমাধানের দিকে এগোয়।,2,2,2
natok_233,নারীর শিক্ষা - ছোট নাটক 233,নারীর শিক্ষা,student_life,revelation,চায়ের দোকান,সন্ধ্যা,উদ্বেগ,0.58,আরিফ | নীরা,চায়ের দোকান-এ নারীর শিক্ষা নিয়ে আরিফ ও নীরা-এর মধ্যে সংক্ষিপ্ত দ্বন্দ্ব তৈরি হয় এবং শেষে তারা সমাধানের দিকে এগোয়।,2,2,2
natok_234,সততার মূল্য - ছোট নাটক 234,সততার মূল্য,awareness,revelation,গ্রামের উঠান,সন্ধ্যা,দুঃখ,0.62,তানভীর | রিয়াদ,গ্রামের উঠান-এ সততার মূল্য নিয়ে তানভীর ও রিয়াদ-এর মধ্যে সংক্ষিপ্ত দ্বন্দ্ব তৈরি হয় এবং শেষে তারা সমাধানের দিকে এগোয়।,2,2,2
natok_235,পরিবেশ দূষণ - ছোট নাটক 235,পরিবেশ দূষণ,emotional_drama,confrontation,বসার ঘর,সন্ধ্যা,দ্বিধা,0.58,নীরা | সোহান,বসার ঘর-এ পরিবেশ দূষণ নিয়ে নীরা ও সোহান-এর মধ্যে সংক্ষিপ্ত দ্বন্দ্ব তৈরি হয় এবং শেষে তারা সমাধানের দিকে এগোয়।,2,2,2
natok_236,দারিদ্র্য ও শিক্ষা - ছোট নাটক 236,দারিদ্র্য ও শিক্ষা,social_drama,reconciliation,গ্রামের উঠান,সন্ধ্যা,আশা,0.74,আফসানা | রিয়াদ,গ্রামের উঠান-এ দারিদ্র্য ও শিক্ষা নিয়ে আফসানা ও রিয়াদ-এর মধ্যে সংক্ষিপ্ত দ্বন্দ্ব তৈরি হয় এবং শেষে তারা সমাধানের দিকে এগোয়।,2,2,2
natok_237,বিশ্বাস ভঙ্গ - ছোট নাটক 237,বিশ্বাস ভঙ্গ,family_drama,reconciliation,শ্রেণিকক্ষ,রাত,উদ্বেগ,0.84,তিথি | সামি,শ্রেণিকক্ষ-এ বিশ্বাস ভঙ্গ নিয়ে তিথি ও সামি-এর মধ্যে সংক্ষিপ্ত দ্বন্দ্ব তৈরি হয় এবং শেষে তারা সমাধানের দিকে এগোয়।,2,2,2
natok_238,পুরোনো চিঠি - ছোট নাটক 238,পুরোনো চিঠি,student_life,reconciliation,চায়ের দোকান,রাত,দ্বিধা,0.76,ইমন | সামি,চায়ের দোকান-এ পুরোনো চিঠি নিয়ে ইমন ও সামি-এর মধ্যে সংক্ষিপ্ত দ্বন্দ্ব তৈরি হয় এবং শেষে তারা সমাধানের দিকে এগোয়।,2,2,2
natok_239,স্বপ্ন বনাম বাস্তবতা - ছোট নাটক 239,স্বপ্ন বনাম বাস্তবতা,awareness,confrontation,ছাত্রাবাস,সন্ধ্যা,দুঃখ,0.8,তানভীর | নাবিল,ছাত্রাবাস-এ স্বপ্ন বনাম বাস্তবতা নিয়ে তানভীর ও নাবিল-এর মধ্যে সংক্ষিপ্ত দ্বন্দ্ব তৈরি হয় এবং শেষে তারা সমাধানের দিকে এগোয়।,2,2,2
natok_240,বেকারত্ব - ছোট নাটক 240,বেকারত্ব,emotional_drama,decision,চায়ের দোকান,বিকেল,দুঃখ,0.67,তানভীর | লাবণ্য,চায়ের দোকান-এ বেকারত্ব নিয়ে তানভীর ও লাবণ্য-এর মধ্যে সংক্ষিপ্ত দ্বন্দ্ব তৈরি হয় এবং শেষে তারা সমাধানের দিকে এগোয়।,2,2,2
natok_241,সাইবার বুলিং - ছোট নাটক 241,সাইবার বুলিং,social_drama,revelation,শ্রেণিকক্ষ,সকাল,দুঃখ,0.71,শীলা | ইমন,শ্রেণিকক্ষ-এ সাইবার বুলিং নিয়ে শীলা ও ইমন-এর মধ্যে সংক্ষিপ্ত দ্বন্দ্ব তৈরি হয় এবং শেষে তারা সমাধানের দিকে এগোয়।,2,2,2
natok_242,ভুয়া খবর - ছোট নাটক 242,ভুয়া খবর,family_drama,decision,বসার ঘর,সন্ধ্যা,উদ্বেগ,0.66,রাহাত | আফসানা,বসার ঘর-এ ভুয়া খবর নিয়ে রাহাত ও আফসানা-এর মধ্যে সংক্ষিপ্ত দ্বন্দ্ব তৈরি হয় এবং শেষে তারা সমাধানের দিকে এগোয়।,2,2,2
natok_243,পরীক্ষার চাপ - ছোট নাটক 243,পরীক্ষার চাপ,student_life,revelation,বিশ্ববিদ্যালয়ের করিডর,রাত,রাগ,0.88,ইমন | নাঈম,বিশ্ববিদ্যালয়ের করিডর-এ পরীক্ষার চাপ নিয়ে ইমন ও নাঈম-এর মধ্যে সংক্ষিপ্ত দ্বন্দ্ব তৈরি হয় এবং শেষে তারা সমাধানের দিকে এগোয়।,2,2,2
natok_244,মোবাইল আসক্তি - ছোট নাটক 244,মোবাইল আসক্তি,awareness,revelation,বিশ্ববিদ্যালয়ের করিডর,সন্ধ্যা,আশা,0.56,জয়া | নাবিল,বিশ্ববিদ্যালয়ের করিডর-এ মোবাইল আসক্তি নিয়ে জয়া ও নাবিল-এর মধ্যে সংক্ষিপ্ত দ্বন্দ্ব তৈরি হয় এবং শেষে তারা সমাধানের দিকে এগোয়।,2,2,2
natok_245,বন্ধুত্বের পরীক্ষা - ছোট নাটক 245,বন্ধুত্বের পরীক্ষা,emotional_drama,decision,বসার ঘর,বিকেল,দুঃখ,0.73,মৌ | লাবণ্য,বসার ঘর-এ বন্ধুত্বের পরীক্ষা নিয়ে মৌ ও লাবণ্য-এর মধ্যে সংক্ষিপ্ত দ্বন্দ্ব তৈরি হয় এবং শেষে তারা সমাধানের দিকে এগোয়।,2,2,2
natok_246,পারিবারিক ভুল বোঝাবুঝি - ছোট নাটক 246,পারিবারিক ভুল বোঝাবুঝি,social_drama,decision,শ্রেণিকক্ষ,সন্ধ্যা,দ্বিধা,0.62,মিতা | সুমাইয়া,শ্রেণিকক্ষ-এ পারিবারিক ভুল বোঝাবুঝি নিয়ে মিতা ও সুমাইয়া-এর মধ্যে সংক্ষিপ্ত দ্বন্দ্ব তৈরি হয় এবং শেষে তারা সমাধানের দিকে এগোয়।,2,2,2
natok_247,অনলাইন প্রতারণা - ছোট নাটক 247,অনলাইন প্রতারণা,family_drama,reconciliation,বাসস্ট্যান্ড,রাত,দুঃখ,0.82,সোহান | তানভীর,বাসস্ট্যান্ড-এ অনলাইন প্রতারণা নিয়ে সোহান ও তানভীর-এর মধ্যে সংক্ষিপ্ত দ্বন্দ্ব তৈরি হয় এবং শেষে তারা সমাধানের দিকে এগোয়।,2,2,2
natok_248,নারীর শিক্ষা - ছোট নাটক 248,নারীর শিক্ষা,student_life,decision,গ্রামের উঠান,সকাল,উদ্বেগ,0.71,সোহান | মিতা,গ্রামের উঠান-এ নারীর শিক্ষা নিয়ে সোহান ও মিতা-এর মধ্যে সংক্ষিপ্ত দ্বন্দ্ব তৈরি হয় এবং শেষে তারা সমাধানের দিকে এগোয়।,2,2,2
natok_249,সততার মূল্য - ছোট নাটক 249,সততার মূল্য,awareness,decision,শ্রেণিকক্ষ,বিকেল,দুঃখ,0.89,রাফি | মিতা,শ্রেণিকক্ষ-এ সততার মূল্য নিয়ে রাফি ও মিতা-এর মধ্যে সংক্ষিপ্ত দ্বন্দ্ব তৈরি হয় এবং শেষে তারা সমাধানের দিকে এগোয়।,2,2,2
natok_250,পরিবেশ দূষণ - ছোট নাটক 250,পরিবেশ দূষণ,emotional_drama,decision,বাসস্ট্যান্ড,বিকেল,দুঃখ,0.67,তিথি | ইমন,বাসস্ট্যান্ড-এ পরিবেশ দূষণ নিয়ে তিথি ও ইমন-এর মধ্যে সংক্ষিপ্ত দ্বন্দ্ব তৈরি হয় এবং শেষে তারা সমাধানের দিকে এগোয়।,2,2,2
natok_251,দারিদ্র্য ও শিক্ষা - ছোট নাটক 251,দারিদ্র্য ও শিক্ষা,social_drama,revelation,বসার ঘর,বিকেল,দুঃখ,0.79,সামি | লাবণ্য,বসার ঘর-এ দারিদ্র্য ও শিক্ষা নিয়ে সামি ও লাবণ্য-এর মধ্যে সংক্ষিপ্ত দ্বন্দ্ব তৈরি হয় এবং শেষে তারা সমাধানের দিকে এগোয়।,2,2,2
natok_252,বিশ্বাস ভঙ্গ - ছোট নাটক 252,বিশ্বাস ভঙ্গ,family_drama,decision,বসার ঘর,বিকেল,দুঃখ,0.66,নীরা | নাঈম,বসার ঘর-এ বিশ্বাস ভঙ্গ নিয়ে নীরা ও নাঈম-এর মধ্যে সংক্ষিপ্ত দ্বন্দ্ব তৈরি হয় এবং শেষে তারা সমাধানের দিকে এগোয়।,2,2,2
natok_253,পুরোনো চিঠি - ছোট নাটক 253,পুরোনো চিঠি,student_life,revelation,বসার ঘর,রাত,উদ্বেগ,0.73,আফসানা | রিয়াদ,বসার ঘর-এ পুরোনো চিঠি নিয়ে আফসানা ও রিয়াদ-এর মধ্যে সংক্ষিপ্ত দ্বন্দ্ব তৈরি হয় এবং শেষে তারা সমাধানের দিকে এগোয়।,2,2,2
natok_254,স্বপ্ন বনাম বাস্তবতা - ছোট নাটক 254,স্বপ্ন বনাম বাস্তবতা,awareness,revelation,বিশ্ববিদ্যালয়ের করিডর,বিকেল,উদ্বেগ,0.84,তানভীর | রিয়াদ,বিশ্ববিদ্যালয়ের করিডর-এ স্বপ্ন বনাম বাস্তবতা নিয়ে তানভীর ও রিয়াদ-এর মধ্যে সংক্ষিপ্ত দ্বন্দ্ব তৈরি হয় এবং শেষে তারা সমাধানের দিকে এগোয়।,2,2,2
natok_255,বেকারত্ব - ছোট নাটক 255,বেকারত্ব,emotional_drama,confrontation,বিশ্ববিদ্যালয়ের করিডর,রাত,দ্বিধা,0.73,রিয়াদ | মৌ,বিশ্ববিদ্যালয়ের করিডর-এ বেকারত্ব নিয়ে রিয়াদ ও মৌ-এর মধ্যে সংক্ষিপ্ত দ্বন্দ্ব তৈরি হয় এবং শেষে তারা সমাধানের দিকে এগোয়।,2,2,2
natok_256,সাইবার বুলিং - ছোট নাটক 256,সাইবার বুলিং,social_drama,reconciliation,চায়ের দোকান,রাত,দুঃখ,0.67,রিয়াদ | লাবণ্য,চায়ের দোকান-এ সাইবার বুলিং নিয়ে রিয়াদ ও লাবণ্য-এর মধ্যে সংক্ষিপ্ত দ্বন্দ্ব তৈরি হয় এবং শেষে তারা সমাধানের দিকে এগোয়।,2,2,2
natok_257,ভুয়া খবর - ছোট নাটক 257,ভুয়া খবর,family_drama,decision,বাসস্ট্যান্ড,বিকেল,আশা,0.81,আরিফ | তিথি,বাসস্ট্যান্ড-এ ভুয়া খবর নিয়ে আরিফ ও তিথি-এর মধ্যে সংক্ষিপ্ত দ্বন্দ্ব তৈরি হয় এবং শেষে তারা সমাধানের দিকে এগোয়।,2,2,2
natok_258,পরীক্ষার চাপ - ছোট নাটক 258,পরীক্ষার চাপ,student_life,decision,বিশ্ববিদ্যালয়ের করিডর,সন্ধ্যা,উদ্বেগ,0.59,মেহজাবিন | রাফি,বিশ্ববিদ্যালয়ের করিডর-এ পরীক্ষার চাপ নিয়ে মেহজাবিন ও রাফি-এর মধ্যে সংক্ষিপ্ত দ্বন্দ্ব তৈরি হয় এবং শেষে তারা সমাধানের দিকে এগোয়।,2,2,2
natok_259,মোবাইল আসক্তি - ছোট নাটক 259,মোবাইল আসক্তি,awareness,confrontation,বাসস্ট্যান্ড,সন্ধ্যা,উদ্বেগ,0.72,সুমাইয়া | আফসানা,বাসস্ট্যান্ড-এ মোবাইল আসক্তি নিয়ে সুমাইয়া ও আফসানা-এর মধ্যে সংক্ষিপ্ত দ্বন্দ্ব তৈরি হয় এবং শেষে তারা সমাধানের দিকে এগোয়।,2,2,2
natok_260,বন্ধুত্বের পরীক্ষা - ছোট নাটক 260,বন্ধুত্বের পরীক্ষা,emotional_drama,reconciliation,শ্রেণিকক্ষ,বিকেল,দ্বিধা,0.6,নাবিল | তিথি,শ্রেণিকক্ষ-এ বন্ধুত্বের পরীক্ষা নিয়ে নাবিল ও তিথি-এর মধ্যে সংক্ষিপ্ত দ্বন্দ্ব তৈরি হয় এবং শেষে তারা সমাধানের দিকে এগোয়।,2,2,2
natok_261,পারিবারিক ভুল বোঝাবুঝি - ছোট নাটক 261,পারিবারিক ভুল বোঝাবুঝি,social_drama,decision,চায়ের দোকান,সন্ধ্যা,আশা,0.75,রাফি | তিথি,চায়ের দোকান-এ পারিবারিক ভুল বোঝাবুঝি নিয়ে রাফি ও তিথি-এর মধ্যে সংক্ষিপ্ত দ্বন্দ্ব তৈরি হয় এবং শেষে তারা সমাধানের দিকে এগোয়।,2,2,2
natok_262,অনলাইন প্রতারণা - ছোট নাটক 262,অনলাইন প্রতারণা,family_drama,reconciliation,চায়ের দোকান,রাত,আশা,0.75,তানভীর | জয়া,চায়ের দোকান-এ অনলাইন প্রতারণা নিয়ে তানভীর ও জয়া-এর মধ্যে সংক্ষিপ্ত দ্বন্দ্ব তৈরি হয় এবং শেষে তারা সমাধানের দিকে এগোয়।,2,2,2
natok_263,নারীর শিক্ষা - ছোট নাটক 263,নারীর শিক্ষা,student_life,reconciliation,বিশ্ববিদ্যালয়ের করিডর,সকাল,দুঃখ,0.83,তানভীর | সামি,বিশ্ববিদ্যালয়ের করিডর-এ নারীর শিক্ষা নিয়ে তানভীর ও সামি-এর মধ্যে সংক্ষিপ্ত দ্বন্দ্ব তৈরি হয় এবং শেষে তারা সমাধানের দিকে এগোয়।,2,2,2
natok_264,সততার মূল্য - ছোট নাটক 264,সততার মূল্য,awareness,revelation,বাসস্ট্যান্ড,বিকেল,রাগ,0.88,নীরা | রাফি,বাসস্ট্যান্ড-এ সততার মূল্য নিয়ে নীরা ও রাফি-এর মধ্যে সংক্ষিপ্ত দ্বন্দ্ব তৈরি হয় এবং শেষে তারা সমাধানের দিকে এগোয়।,2,2,2
natok_265,পরিবেশ দূষণ - ছোট নাটক 265,পরিবেশ দূষণ,emotional_drama,decision,শ্রেণিকক্ষ,সকাল,আশা,0.83,রিয়াদ | লাবণ্য,শ্রেণিকক্ষ-এ পরিবেশ দূষণ নিয়ে রিয়াদ ও লাবণ্য-এর মধ্যে সংক্ষিপ্ত দ্বন্দ্ব তৈরি হয় এবং শেষে তারা সমাধানের দিকে এগোয়।,2,2,2
natok_266,দারিদ্র্য ও শিক্ষা - ছোট নাটক 266,দারিদ্র্য ও শিক্ষা,social_drama,decision,বসার ঘর,রাত,দ্বিধা,0.78,ইমন | রাফি,বসার ঘর-এ দারিদ্র্য ও শিক্ষা নিয়ে ইমন ও রাফি-এর মধ্যে সংক্ষিপ্ত দ্বন্দ্ব তৈরি হয় এবং শেষে তারা সমাধানের দিকে এগোয়।,2,2,2
natok_267,বিশ্বাস ভঙ্গ - ছোট নাটক 267,বিশ্বাস ভঙ্গ,family_drama,confrontation,বিশ্ববিদ্যালয়ের করিডর,সকাল,দুঃখ,0.85,মৌ | আরিফ,বিশ্ববিদ্যালয়ের করিডর-এ বিশ্বাস ভঙ্গ নিয়ে মৌ ও আরিফ-এর মধ্যে সংক্ষিপ্ত দ্বন্দ্ব তৈরি হয় এবং শেষে তারা সমাধানের দিকে এগোয়।,2,2,2
natok_268,পুরোনো চিঠি - ছোট নাটক 268,পুরোনো চিঠি,student_life,confrontation,ছাত্রাবাস,সকাল,রাগ,0.57,তিথি | সামি,ছাত্রাবাস-এ পুরোনো চিঠি নিয়ে তিথি ও সামি-এর মধ্যে সংক্ষিপ্ত দ্বন্দ্ব তৈরি হয় এবং শেষে তারা সমাধানের দিকে এগোয়।,2,2,2
natok_269,স্বপ্ন বনাম বাস্তবতা - ছোট নাটক 269,স্বপ্ন বনাম বাস্তবতা,awareness,reconciliation,বাসস্ট্যান্ড,সকাল,দুঃখ,0.77,শীলা | আরিফ,বাসস্ট্যান্ড-এ স্বপ্ন বনাম বাস্তবতা নিয়ে শীলা ও আরিফ-এর মধ্যে সংক্ষিপ্ত দ্বন্দ্ব তৈরি হয় এবং শেষে তারা সমাধানের দিকে এগোয়।,2,2,2
natok_270,বেকারত্ব - ছোট নাটক 270,বেকারত্ব,emotional_drama,reconciliation,শ্রেণিকক্ষ,বিকেল,দ্বিধা,0.82,মেহজাবিন | তানভীর,শ্রেণিকক্ষ-এ বেকারত্ব নিয়ে মেহজাবিন ও তানভীর-এর মধ্যে সংক্ষিপ্ত দ্বন্দ্ব তৈরি হয় এবং শেষে তারা সমাধানের দিকে এগোয়।,2,2,2
natok_271,সাইবার বুলিং - ছোট নাটক 271,সাইবার বুলিং,social_drama,revelation,চায়ের দোকান,সন্ধ্যা,রাগ,0.74,সোহান | রাহাত,চায়ের দোকান-এ সাইবার বুলিং নিয়ে সোহান ও রাহাত-এর মধ্যে সংক্ষিপ্ত দ্বন্দ্ব তৈরি হয় এবং শেষে তারা সমাধানের দিকে এগোয়।,2,2,2
natok_272,ভুয়া খবর - ছোট নাটক 272,ভুয়া খবর,family_drama,revelation,ছাত্রাবাস,রাত,আশা,0.79,তিথি | মিতা,ছাত্রাবাস-এ ভুয়া খবর নিয়ে তিথি ও মিতা-এর মধ্যে সংক্ষিপ্ত দ্বন্দ্ব তৈরি হয় এবং শেষে তারা সমাধানের দিকে এগোয়।,2,2,2
natok_273,পরীক্ষার চাপ - ছোট নাটক 273,পরীক্ষার চাপ,student_life,decision,চায়ের দোকান,রাত,দুঃখ,0.67,সামি | আরিফ,চায়ের দোকান-এ পরীক্ষার চাপ নিয়ে সামি ও আরিফ-এর মধ্যে সংক্ষিপ্ত দ্বন্দ্ব তৈরি হয় এবং শেষে তারা সমাধানের দিকে এগোয়।,2,2,2
natok_274,মোবাইল আসক্তি - ছোট নাটক 274,মোবাইল আসক্তি,awareness,confrontation,চায়ের দোকান,সকাল,রাগ,0.68,রাফি | সামি,চায়ের দোকান-এ মোবাইল আসক্তি নিয়ে রাফি ও সামি-এর মধ্যে সংক্ষিপ্ত দ্বন্দ্ব তৈরি হয় এবং শেষে তারা সমাধানের দিকে এগোয়।,2,2,2
natok_275,বন্ধুত্বের পরীক্ষা - ছোট নাটক 275,বন্ধুত্বের পরীক্ষা,emotional_drama,revelation,বসার ঘর,রাত,রাগ,0.85,নাবিল | মৌ,বসার ঘর-এ বন্ধুত্বের পরীক্ষা নিয়ে নাবিল ও মৌ-এর মধ্যে সংক্ষিপ্ত দ্বন্দ্ব তৈরি হয় এবং শেষে তারা সমাধানের দিকে এগোয়।,2,2,2
natok_276,পারিবারিক ভুল বোঝাবুঝি - ছোট নাটক 276,পারিবারিক ভুল বোঝাবুঝি,social_drama,revelation,ছাত্রাবাস,সকাল,রাগ,0.61,তানভীর | সোহান,ছাত্রাবাস-এ পারিবারিক ভুল বোঝাবুঝি নিয়ে তানভীর ও সোহান-এর মধ্যে সংক্ষিপ্ত দ্বন্দ্ব তৈরি হয় এবং শেষে তারা সমাধানের দিকে এগোয়।,2,2,2
natok_277,অনলাইন প্রতারণা - ছোট নাটক 277,অনলাইন প্রতারণা,family_drama,confrontation,শ্রেণিকক্ষ,সকাল,উদ্বেগ,0.56,রিয়াদ | মেহজাবিন,শ্রেণিকক্ষ-এ অনলাইন প্রতারণা নিয়ে রিয়াদ ও মেহজাবিন-এর মধ্যে সংক্ষিপ্ত দ্বন্দ্ব তৈরি হয় এবং শেষে তারা সমাধানের দিকে এগোয়।,2,2,2
natok_278,নারীর শিক্ষা - ছোট নাটক 278,নারীর শিক্ষা,student_life,revelation,ছাত্রাবাস,বিকেল,উদ্বেগ,0.82,নাবিল | আফসানা,ছাত্রাবাস-এ নারীর শিক্ষা নিয়ে নাবিল ও আফসানা-এর মধ্যে সংক্ষিপ্ত দ্বন্দ্ব তৈরি হয় এবং শেষে তারা সমাধানের দিকে এগোয়।,2,2,2
natok_279,সততার মূল্য - ছোট নাটক 279,সততার মূল্য,awareness,reconciliation,চায়ের দোকান,সন্ধ্যা,দুঃখ,0.65,রাফি | নীরা,চায়ের দোকান-এ সততার মূল্য নিয়ে রাফি ও নীরা-এর মধ্যে সংক্ষিপ্ত দ্বন্দ্ব তৈরি হয় এবং শেষে তারা সমাধানের দিকে এগোয়।,2,2,2
natok_280,পরিবেশ দূষণ - ছোট নাটক 280,পরিবেশ দূষণ,emotional_drama,revelation,পার্ক,বিকেল,দ্বিধা,0.7,জয়া | তানভীর,পার্ক-এ পরিবেশ দূষণ নিয়ে জয়া ও তানভীর-এর মধ্যে সংক্ষিপ্ত দ্বন্দ্ব তৈরি হয় এবং শেষে তারা সমাধানের দিকে এগোয়।,2,2,2
natok_281,দারিদ্র্য ও শিক্ষা - ছোট নাটক 281,দারিদ্র্য ও শিক্ষা,social_drama,reconciliation,বসার ঘর,বিকেল,আশা,0.76,তিথি | আরিফ,বসার ঘর-এ দারিদ্র্য ও শিক্ষা নিয়ে তিথি ও আরিফ-এর মধ্যে সংক্ষিপ্ত দ্বন্দ্ব তৈরি হয় এবং শেষে তারা সমাধানের দিকে এগোয়।,2,2,2
natok_282,বিশ্বাস ভঙ্গ - ছোট নাটক 282,বিশ্বাস ভঙ্গ,family_drama,reconciliation,বিশ্ববিদ্যালয়ের করিডর,সন্ধ্যা,দ্বিধা,0.87,ইমন | তিথি,বিশ্ববিদ্যালয়ের করিডর-এ বিশ্বাস ভঙ্গ নিয়ে ইমন ও তিথি-এর মধ্যে সংক্ষিপ্ত দ্বন্দ্ব তৈরি হয় এবং শেষে তারা সমাধানের দিকে এগোয়।,2,2,2
natok_283,পুরোনো চিঠি - ছোট নাটক 283,পুরোনো চিঠি,student_life,decision,বসার ঘর,বিকেল,আশা,0.55,তানভীর | নাবিল,বসার ঘর-এ পুরোনো চিঠি নিয়ে তানভীর ও নাবিল-এর মধ্যে সংক্ষিপ্ত দ্বন্দ্ব তৈরি হয় এবং শেষে তারা সমাধানের দিকে এগোয়।,2,2,2
natok_284,স্বপ্ন বনাম বাস্তবতা - ছোট নাটক 284,স্বপ্ন বনাম বাস্তবতা,awareness,confrontation,পার্ক,সন্ধ্যা,দুঃখ,0.79,নাঈম | রাফি,পার্ক-এ স্বপ্ন বনাম বাস্তবতা নিয়ে নাঈম ও রাফি-এর মধ্যে সংক্ষিপ্ত দ্বন্দ্ব তৈরি হয় এবং শেষে তারা সমাধানের দিকে এগোয়।,2,2,2
natok_285,বেকারত্ব - ছোট নাটক 285,বেকারত্ব,emotional_drama,revelation,বসার ঘর,সকাল,দ্বিধা,0.56,রাফি | তানভীর,বসার ঘর-এ বেকারত্ব নিয়ে রাফি ও তানভীর-এর মধ্যে সংক্ষিপ্ত দ্বন্দ্ব তৈরি হয় এবং শেষে তারা সমাধানের দিকে এগোয়।,2,2,2
natok_286,সাইবার বুলিং - ছোট নাটক 286,সাইবার বুলিং,social_drama,revelation,ছাত্রাবাস,রাত,দুঃখ,0.66,সুমাইয়া | রাফি,ছাত্রাবাস-এ সাইবার বুলিং নিয়ে সুমাইয়া ও রাফি-এর মধ্যে সংক্ষিপ্ত দ্বন্দ্ব তৈরি হয় এবং শেষে তারা সমাধানের দিকে এগোয়।,2,2,2
natok_287,ভুয়া খবর - ছোট নাটক 287,ভুয়া খবর,family_drama,revelation,চায়ের দোকান,সকাল,দুঃখ,0.76,তানভীর | রাহাত,চায়ের দোকান-এ ভুয়া খবর নিয়ে তানভীর ও রাহাত-এর মধ্যে সংক্ষিপ্ত দ্বন্দ্ব তৈরি হয় এবং শেষে তারা সমাধানের দিকে এগোয়।,2,2,2
natok_288,পরীক্ষার চাপ - ছোট নাটক 288,পরীক্ষার চাপ,student_life,revelation,পার্ক,বিকেল,আশা,0.66,রাহাত | তানভীর,পার্ক-এ পরীক্ষার চাপ নিয়ে রাহাত ও তানভীর-এর মধ্যে সংক্ষিপ্ত দ্বন্দ্ব তৈরি হয় এবং শেষে তারা সমাধানের দিকে এগোয়।,2,2,2
natok_289,মোবাইল আসক্তি - ছোট নাটক 289,মোবাইল আসক্তি,awareness,decision,চায়ের দোকান,রাত,রাগ,0.57,মিতা | সুমাইয়া,চায়ের দোকান-এ মোবাইল আসক্তি নিয়ে মিতা ও সুমাইয়া-এর মধ্যে সংক্ষিপ্ত দ্বন্দ্ব তৈরি হয় এবং শেষে তারা সমাধানের দিকে এগোয়।,2,2,2
natok_290,বন্ধুত্বের পরীক্ষা - ছোট নাটক 290,বন্ধুত্বের পরীক্ষা,emotional_drama,confrontation,শ্রেণিকক্ষ,রাত,দুঃখ,0.72,তিথি | রাফি,শ্রেণিকক্ষ-এ বন্ধুত্বের পরীক্ষা নিয়ে তিথি ও রাফি-এর মধ্যে সংক্ষিপ্ত দ্বন্দ্ব তৈরি হয় এবং শেষে তারা সমাধানের দিকে এগোয়।,2,2,2
natok_291,পারিবারিক ভুল বোঝাবুঝি - ছোট নাটক 291,পারিবারিক ভুল বোঝাবুঝি,social_drama,revelation,ছাত্রাবাস,রাত,উদ্বেগ,0.88,নাঈম | রিয়াদ,ছাত্রাবাস-এ পারিবারিক ভুল বোঝাবুঝি নিয়ে নাঈম ও রিয়াদ-এর মধ্যে সংক্ষিপ্ত দ্বন্দ্ব তৈরি হয় এবং শেষে তারা সমাধানের দিকে এগোয়।,2,2,2
natok_292,অনলাইন প্রতারণা - ছোট নাটক 292,অনলাইন প্রতারণা,family_drama,decision,বিশ্ববিদ্যালয়ের করিডর,বিকেল,দ্বিধা,0.58,রাহাত | সামি,বিশ্ববিদ্যালয়ের করিডর-এ অনলাইন প্রতারণা নিয়ে রাহাত ও সামি-এর মধ্যে সংক্ষিপ্ত দ্বন্দ্ব তৈরি হয় এবং শেষে তারা সমাধানের দিকে এগোয়।,2,2,2
natok_293,নারীর শিক্ষা - ছোট নাটক 293,নারীর শিক্ষা,student_life,revelation,বাসস্ট্যান্ড,বিকেল,উদ্বেগ,0.59,আরিফ | মৌ,বাসস্ট্যান্ড-এ নারীর শিক্ষা নিয়ে আরিফ ও মৌ-এর মধ্যে সংক্ষিপ্ত দ্বন্দ্ব তৈরি হয় এবং শেষে তারা সমাধানের দিকে এগোয়।,2,2,2
natok_294,সততার মূল্য - ছোট নাটক 294,সততার মূল্য,awareness,reconciliation,বাসস্ট্যান্ড,সন্ধ্যা,দুঃখ,0.83,নাঈম | নাবিল,বাসস্ট্যান্ড-এ সততার মূল্য নিয়ে নাঈম ও নাবিল-এর মধ্যে সংক্ষিপ্ত দ্বন্দ্ব তৈরি হয় এবং শেষে তারা সমাধানের দিকে এগোয়।,2,2,2
natok_295,পরিবেশ দূষণ - ছোট নাটক 295,পরিবেশ দূষণ,emotional_drama,decision,বাসস্ট্যান্ড,সন্ধ্যা,দুঃখ,0.84,রাফি | সুমাইয়া,বাসস্ট্যান্ড-এ পরিবেশ দূষণ নিয়ে রাফি ও সুমাইয়া-এর মধ্যে সংক্ষিপ্ত দ্বন্দ্ব তৈরি হয় এবং শেষে তারা সমাধানের দিকে এগোয়।,2,2,2
natok_296,দারিদ্র্য ও শিক্ষা - ছোট নাটক 296,দারিদ্র্য ও শিক্ষা,social_drama,revelation,বিশ্ববিদ্যালয়ের করিডর,সকাল,দুঃখ,0.55,শীলা | তানভীর,বিশ্ববিদ্যালয়ের করিডর-এ দারিদ্র্য ও শিক্ষা নিয়ে শীলা ও তানভীর-এর মধ্যে সংক্ষিপ্ত দ্বন্দ্ব তৈরি হয় এবং শেষে তারা সমাধানের দিকে এগোয়।,2,2,2
natok_297,বিশ্বাস ভঙ্গ - ছোট নাটক 297,বিশ্বাস ভঙ্গ,family_drama,confrontation,শ্রেণিকক্ষ,সন্ধ্যা,উদ্বেগ,0.65,নীরা | সুমাইয়া,শ্রেণিকক্ষ-এ বিশ্বাস ভঙ্গ নিয়ে নীরা ও সুমাইয়া-এর মধ্যে সংক্ষিপ্ত দ্বন্দ্ব তৈরি হয় এবং শেষে তারা সমাধানের দিকে এগোয়।,2,2,2
natok_298,পুরোনো চিঠি - ছোট নাটক 298,পুরোনো চিঠি,student_life,revelation,ছাত্রাবাস,সন্ধ্যা,উদ্বেগ,0.73,জয়া | রাহাত,ছাত্রাবাস-এ পুরোনো চিঠি নিয়ে জয়া ও রাহাত-এর মধ্যে সংক্ষিপ্ত দ্বন্দ্ব তৈরি হয় এবং শেষে তারা সমাধানের দিকে এগোয়।,2,2,2
natok_299,স্বপ্ন বনাম বাস্তবতা - ছোট নাটক 299,স্বপ্ন বনাম বাস্তবতা,awareness,confrontation,বিশ্ববিদ্যালয়ের করিডর,বিকেল,দুঃখ,0.83,নাবিল | আরিফ,বিশ্ববিদ্যালয়ের করিডর-এ স্বপ্ন বনাম বাস্তবতা নিয়ে নাবিল ও আরিফ-এর মধ্যে সংক্ষিপ্ত দ্বন্দ্ব তৈরি হয় এবং শেষে তারা সমাধানের দিকে এগোয়।,2,2,2
natok_300,বেকারত্ব - ছোট নাটক 300,বেকারত্ব,emotional_drama,reconciliation,চায়ের দোকান,বিকেল,উদ্বেগ,0.73,তানভীর | শীলা,চায়ের দোকান-এ বেকারত্ব নিয়ে তানভীর ও শীলা-এর মধ্যে সংক্ষিপ্ত দ্বন্দ্ব তৈরি হয় এবং শেষে তারা সমাধানের দিকে এগোয়।,2,2,2
natok_301,সাইবার বুলিং - ছোট নাটক 301,সাইবার বুলিং,social_drama,revelation,ছাত্রাবাস,বিকেল,উদ্বেগ,0.9,নাঈম | মৌ,ছাত্রাবাস-এ সাইবার বুলিং নিয়ে নাঈম ও মৌ-এর মধ্যে সংক্ষিপ্ত দ্বন্দ্ব তৈরি হয় এবং শেষে তারা সমাধানের দিকে এগোয়।,2,2,2
natok_302,ভুয়া খবর - ছোট নাটক 302,ভুয়া খবর,family_drama,decision,গ্রামের উঠান,সকাল,উদ্বেগ,0.57,রাহাত | নাবিল,গ্রামের উঠান-এ ভুয়া খবর নিয়ে রাহাত ও নাবিল-এর মধ্যে সংক্ষিপ্ত দ্বন্দ্ব তৈরি হয় এবং শেষে তারা সমাধানের দিকে এগোয়।,2,2,2
natok_303,পরীক্ষার চাপ - ছোট নাটক 303,পরীক্ষার চাপ,student_life,reconciliation,গ্রামের উঠান,সন্ধ্যা,রাগ,0.59,নাঈম | নীরা,গ্রামের উঠান-এ পরীক্ষার চাপ নিয়ে নাঈম ও নীরা-এর মধ্যে সংক্ষিপ্ত দ্বন্দ্ব তৈরি হয় এবং শেষে তারা সমাধানের দিকে এগোয়।,2,2,2
natok_304,মোবাইল আসক্তি - ছোট নাটক 304,মোবাইল আসক্তি,awareness,reconciliation,বাসস্ট্যান্ড,সন্ধ্যা,আশা,0.57,সামি | ইমন,বাসস্ট্যান্ড-এ মোবাইল আসক্তি নিয়ে সামি ও ইমন-এর মধ্যে সংক্ষিপ্ত দ্বন্দ্ব তৈরি হয় এবং শেষে তারা সমাধানের দিকে এগোয়।,2,2,2
natok_305,বন্ধুত্বের পরীক্ষা - ছোট নাটক 305,বন্ধুত্বের পরীক্ষা,emotional_drama,confrontation,শ্রেণিকক্ষ,সন্ধ্যা,দ্বিধা,0.73,তানভীর | সামি,শ্রেণিকক্ষ-এ বন্ধুত্বের পরীক্ষা নিয়ে তানভীর ও সামি-এর মধ্যে সংক্ষিপ্ত দ্বন্দ্ব তৈরি হয় এবং শেষে তারা সমাধানের দিকে এগোয়।,2,2,2
natok_306,পারিবারিক ভুল বোঝাবুঝি - ছোট নাটক 306,পারিবারিক ভুল বোঝাবুঝি,social_drama,revelation,বসার ঘর,বিকেল,দুঃখ,0.69,নাবিল | ইমন,বসার ঘর-এ পারিবারিক ভুল বোঝাবুঝি নিয়ে নাবিল ও ইমন-এর মধ্যে সংক্ষিপ্ত দ্বন্দ্ব তৈরি হয় এবং শেষে তারা সমাধানের দিকে এগোয়।,2,2,2
natok_307,অনলাইন প্রতারণা - ছোট নাটক 307,অনলাইন প্রতারণা,family_drama,revelation,ছাত্রাবাস,সন্ধ্যা,দ্বিধা,0.69,লাবণ্য | সোহান,ছাত্রাবাস-এ অনলাইন প্রতারণা নিয়ে লাবণ্য ও সোহান-এর মধ্যে সংক্ষিপ্ত দ্বন্দ্ব তৈরি হয় এবং শেষে তারা সমাধানের দিকে এগোয়।,2,2,2
natok_308,নারীর শিক্ষা - ছোট নাটক 308,নারীর শিক্ষা,student_life,revelation,চায়ের দোকান,সন্ধ্যা,উদ্বেগ,0.61,আরিফ | নাবিল,চায়ের দোকান-এ নারীর শিক্ষা নিয়ে আরিফ ও নাবিল-এর মধ্যে সংক্ষিপ্ত দ্বন্দ্ব তৈরি হয় এবং শেষে তারা সমাধানের দিকে এগোয়।,2,2,2
natok_309,সততার মূল্য - ছোট নাটক 309,সততার মূল্য,awareness,confrontation,বাসস্ট্যান্ড,সন্ধ্যা,দুঃখ,0.85,সোহান | আরিফ,বাসস্ট্যান্ড-এ সততার মূল্য নিয়ে সোহান ও আরিফ-এর মধ্যে সংক্ষিপ্ত দ্বন্দ্ব তৈরি হয় এবং শেষে তারা সমাধানের দিকে এগোয়।,2,2,2
natok_310,পরিবেশ দূষণ - ছোট নাটক 310,পরিবেশ দূষণ,emotional_drama,confrontation,শ্রেণিকক্ষ,বিকেল,দুঃখ,0.83,রাহাত | আফসানা,শ্রেণিকক্ষ-এ পরিবেশ দূষণ নিয়ে রাহাত ও আফসানা-এর মধ্যে সংক্ষিপ্ত দ্বন্দ্ব তৈরি হয় এবং শেষে তারা সমাধানের দিকে এগোয়।,2,2,2
natok_311,দারিদ্র্য ও শিক্ষা - ছোট নাটক 311,দারিদ্র্য ও শিক্ষা,social_drama,revelation,ছাত্রাবাস,সন্ধ্যা,দুঃখ,0.85,রাহাত | নাঈম,ছাত্রাবাস-এ দারিদ্র্য ও শিক্ষা নিয়ে রাহাত ও নাঈম-এর মধ্যে সংক্ষিপ্ত দ্বন্দ্ব তৈরি হয় এবং শেষে তারা সমাধানের দিকে এগোয়।,2,2,2
natok_312,বিশ্বাস ভঙ্গ - ছোট নাটক 312,বিশ্বাস ভঙ্গ,family_drama,confrontation,পার্ক,সন্ধ্যা,রাগ,0.87,মৌ | মিতা,পার্ক-এ বিশ্বাস ভঙ্গ নিয়ে মৌ ও মিতা-এর মধ্যে সংক্ষিপ্ত দ্বন্দ্ব তৈরি হয় এবং শেষে তারা সমাধানের দিকে এগোয়।,2,2,2
natok_313,পুরোনো চিঠি - ছোট নাটক 313,পুরোনো চিঠি,student_life,decision,ছাত্রাবাস,রাত,উদ্বেগ,0.86,রাফি | নীরা,ছাত্রাবাস-এ পুরোনো চিঠি নিয়ে রাফি ও নীরা-এর মধ্যে সংক্ষিপ্ত দ্বন্দ্ব তৈরি হয় এবং শেষে তারা সমাধানের দিকে এগোয়।,2,2,2
natok_314,স্বপ্ন বনাম বাস্তবতা - ছোট নাটক 314,স্বপ্ন বনাম বাস্তবতা,awareness,decision,বসার ঘর,সকাল,আশা,0.56,মেহজাবিন | আফসানা,বসার ঘর-এ স্বপ্ন বনাম বাস্তবতা নিয়ে মেহজাবিন ও আফসানা-এর মধ্যে সংক্ষিপ্ত দ্বন্দ্ব তৈরি হয় এবং শেষে তারা সমাধানের দিকে এগোয়।,2,2,2
natok_315,বেকারত্ব - ছোট নাটক 315,বেকারত্ব,emotional_drama,revelation,বাসস্ট্যান্ড,সকাল,দুঃখ,0.68,রিয়াদ | শীলা,বাসস্ট্যান্ড-এ বেকারত্ব নিয়ে রিয়াদ ও শীলা-এর মধ্যে সংক্ষিপ্ত দ্বন্দ্ব তৈরি হয় এবং শেষে তারা সমাধানের দিকে এগোয়।,2,2,2
natok_316,সাইবার বুলিং - ছোট নাটক 316,সাইবার বুলিং,social_drama,revelation,বাসস্ট্যান্ড,রাত,আশা,0.87,লাবণ্য | সুমাইয়া,বাসস্ট্যান্ড-এ সাইবার বুলিং নিয়ে লাবণ্য ও সুমাইয়া-এর মধ্যে সংক্ষিপ্ত দ্বন্দ্ব তৈরি হয় এবং শেষে তারা সমাধানের দিকে এগোয়।,2,2,2
natok_317,ভুয়া খবর - ছোট নাটক 317,ভুয়া খবর,family_drama,revelation,বিশ্ববিদ্যালয়ের করিডর,রাত,দুঃখ,0.75,সুমাইয়া | শীলা,বিশ্ববিদ্যালয়ের করিডর-এ ভুয়া খবর নিয়ে সুমাইয়া ও শীলা-এর মধ্যে সংক্ষিপ্ত দ্বন্দ্ব তৈরি হয় এবং শেষে তারা সমাধানের দিকে এগোয়।,2,2,2
natok_318,পরীক্ষার চাপ - ছোট নাটক 318,পরীক্ষার চাপ,student_life,reconciliation,পার্ক,সকাল,রাগ,0.82,নাবিল | শীলা,পার্ক-এ পরীক্ষার চাপ নিয়ে নাবিল ও শীলা-এর মধ্যে সংক্ষিপ্ত দ্বন্দ্ব তৈরি হয় এবং শেষে তারা সমাধানের দিকে এগোয়।,2,2,2
natok_319,মোবাইল আসক্তি - ছোট নাটক 319,মোবাইল আসক্তি,awareness,reconciliation,চায়ের দোকান,বিকেল,উদ্বেগ,0.84,সোহান | সুমাইয়া,চায়ের দোকান-এ মোবাইল আসক্তি নিয়ে সোহান ও সুমাইয়া-এর মধ্যে সংক্ষিপ্ত দ্বন্দ্ব তৈরি হয় এবং শেষে তারা সমাধানের দিকে এগোয়।,2,2,2
natok_320,বন্ধুত্বের পরীক্ষা - ছোট নাটক 320,বন্ধুত্বের পরীক্ষা,emotional_drama,revelation,বিশ্ববিদ্যালয়ের করিডর,বিকেল,আশা,0.67,লাবণ্য | নাঈম,বিশ্ববিদ্যালয়ের করিডর-এ বন্ধুত্বের পরীক্ষা নিয়ে লাবণ্য ও নাঈম-এর মধ্যে সংক্ষিপ্ত দ্বন্দ্ব তৈরি হয় এবং শেষে তারা সমাধানের দিকে এগোয়।,2,2,2
natok_321,পারিবারিক ভুল বোঝাবুঝি - ছোট নাটক 321,পারিবারিক ভুল বোঝাবুঝি,social_drama,confrontation,চায়ের দোকান,বিকেল,দুঃখ,0.76,নীরা | আরিফ,চায়ের দোকান-এ পারিবারিক ভুল বোঝাবুঝি নিয়ে নীরা ও আরিফ-এর মধ্যে সংক্ষিপ্ত দ্বন্দ্ব তৈরি হয় এবং শেষে তারা সমাধানের দিকে এগোয়।,2,2,2
natok_322,অনলাইন প্রতারণা - ছোট নাটক 322,অনলাইন প্রতারণা,family_drama,reconciliation,শ্রেণিকক্ষ,বিকেল,আশা,0.61,তিথি | নাঈম,শ্রেণিকক্ষ-এ অনলাইন প্রতারণা নিয়ে তিথি ও নাঈম-এর মধ্যে সংক্ষিপ্ত দ্বন্দ্ব তৈরি হয় এবং শেষে তারা সমাধানের দিকে এগোয়।,2,2,2
natok_323,নারীর শিক্ষা - ছোট নাটক 323,নারীর শিক্ষা,student_life,confrontation,বাসস্ট্যান্ড,সকাল,দ্বিধা,0.67,সামি | আফসানা,বাসস্ট্যান্ড-এ নারীর শিক্ষা নিয়ে সামি ও আফসানা-এর মধ্যে সংক্ষিপ্ত দ্বন্দ্ব তৈরি হয় এবং শেষে তারা সমাধানের দিকে এগোয়।,2,2,2
natok_324,সততার মূল্য - ছোট নাটক 324,সততার মূল্য,awareness,decision,শ্রেণিকক্ষ,বিকেল,আশা,0.74,ইমন | লাবণ্য,শ্রেণিকক্ষ-এ সততার মূল্য নিয়ে ইমন ও লাবণ্য-এর মধ্যে সংক্ষিপ্ত দ্বন্দ্ব তৈরি হয় এবং শেষে তারা সমাধানের দিকে এগোয়।,2,2,2
natok_325,পরিবেশ দূষণ - ছোট নাটক 325,পরিবেশ দূষণ,emotional_drama,decision,বসার ঘর,সন্ধ্যা,দ্বিধা,0.59,সুমাইয়া | মেহজাবিন,বসার ঘর-এ পরিবেশ দূষণ নিয়ে সুমাইয়া ও মেহজাবিন-এর মধ্যে সংক্ষিপ্ত দ্বন্দ্ব তৈরি হয় এবং শেষে তারা সমাধানের দিকে এগোয়।,2,2,2
natok_326,দারিদ্র্য ও শিক্ষা - ছোট নাটক 326,দারিদ্র্য ও শিক্ষা,social_drama,decision,শ্রেণিকক্ষ,রাত,দুঃখ,0.88,রাহাত | ইমন,শ্রেণিকক্ষ-এ দারিদ্র্য ও শিক্ষা নিয়ে রাহাত ও ইমন-এর মধ্যে সংক্ষিপ্ত দ্বন্দ্ব তৈরি হয় এবং শেষে তারা সমাধানের দিকে এগোয়।,2,2,2
natok_327,বিশ্বাস ভঙ্গ - ছোট নাটক 327,বিশ্বাস ভঙ্গ,family_drama,decision,বসার ঘর,সকাল,রাগ,0.88,ইমন | রাফি,বসার ঘর-এ বিশ্বাস ভঙ্গ নিয়ে ইমন ও রাফি-এর মধ্যে সংক্ষিপ্ত দ্বন্দ্ব তৈরি হয় এবং শেষে তারা সমাধানের দিকে এগোয়।,2,2,2
natok_328,পুরোনো চিঠি - ছোট নাটক 328,পুরোনো চিঠি,student_life,revelation,বসার ঘর,সন্ধ্যা,রাগ,0.58,মৌ | শীলা,বসার ঘর-এ পুরোনো চিঠি নিয়ে মৌ ও শীলা-এর মধ্যে সংক্ষিপ্ত দ্বন্দ্ব তৈরি হয় এবং শেষে তারা সমাধানের দিকে এগোয়।,2,2,2
natok_329,স্বপ্ন বনাম বাস্তবতা - ছোট নাটক 329,স্বপ্ন বনাম বাস্তবতা,awareness,decision,বিশ্ববিদ্যালয়ের করিডর,বিকেল,উদ্বেগ,0.59,সুমাইয়া | তিথি,বিশ্ববিদ্যালয়ের করিডর-এ স্বপ্ন বনাম বাস্তবতা নিয়ে সুমাইয়া ও তিথি-এর মধ্যে সংক্ষিপ্ত দ্বন্দ্ব তৈরি হয় এবং শেষে তারা সমাধানের দিকে এগোয়।,2,2,2
natok_330,বেকারত্ব - ছোট নাটক 330,বেকারত্ব,emotional_drama,decision,বাসস্ট্যান্ড,সকাল,দ্বিধা,0.74,লাবণ্য | সোহান,বাসস্ট্যান্ড-এ বেকারত্ব নিয়ে লাবণ্য ও সোহান-এর মধ্যে সংক্ষিপ্ত দ্বন্দ্ব তৈরি হয় এবং শেষে তারা সমাধানের দিকে এগোয়।,2,2,2
natok_331,সাইবার বুলিং - ছোট নাটক 331,সাইবার বুলিং,social_drama,reconciliation,বিশ্ববিদ্যালয়ের করিডর,বিকেল,দ্বিধা,0.6,মিতা | তানভীর,বিশ্ববিদ্যালয়ের করিডর-এ সাইবার বুলিং নিয়ে মিতা ও তানভীর-এর মধ্যে সংক্ষিপ্ত দ্বন্দ্ব তৈরি হয় এবং শেষে তারা সমাধানের দিকে এগোয়।,2,2,2
natok_332,ভুয়া খবর - ছোট নাটক 332,ভুয়া খবর,family_drama,decision,বিশ্ববিদ্যালয়ের করিডর,রাত,দুঃখ,0.64,রাফি | নাঈম,বিশ্ববিদ্যালয়ের করিডর-এ ভুয়া খবর নিয়ে রাফি ও নাঈম-এর মধ্যে সংক্ষিপ্ত দ্বন্দ্ব তৈরি হয় এবং শেষে তারা সমাধানের দিকে এগোয়।,2,2,2
natok_333,পরীক্ষার চাপ - ছোট নাটক 333,পরীক্ষার চাপ,student_life,confrontation,ছাত্রাবাস,রাত,রাগ,0.6,আরিফ | রাফি,ছাত্রাবাস-এ পরীক্ষার চাপ নিয়ে আরিফ ও রাফি-এর মধ্যে সংক্ষিপ্ত দ্বন্দ্ব তৈরি হয় এবং শেষে তারা সমাধানের দিকে এগোয়।,2,2,2
natok_334,মোবাইল আসক্তি - ছোট নাটক 334,মোবাইল আসক্তি,awareness,confrontation,বাসস্ট্যান্ড,রাত,দ্বিধা,0.86,সামি | রিয়াদ,বাসস্ট্যান্ড-এ মোবাইল আসক্তি নিয়ে সামি ও রিয়াদ-এর মধ্যে সংক্ষিপ্ত দ্বন্দ্ব তৈরি হয় এবং শেষে তারা সমাধানের দিকে এগোয়।,2,2,2
natok_335,বন্ধুত্বের পরীক্ষা - ছোট নাটক 335,বন্ধুত্বের পরীক্ষা,emotional_drama,revelation,পার্ক,রাত,আশা,0.79,রাহাত | সামি,পার্ক-এ বন্ধুত্বের পরীক্ষা নিয়ে রাহাত ও সামি-এর মধ্যে সংক্ষিপ্ত দ্বন্দ্ব তৈরি হয় এবং শেষে তারা সমাধানের দিকে এগোয়।,2,2,2
natok_336,পারিবারিক ভুল বোঝাবুঝি - ছোট নাটক 336,পারিবারিক ভুল বোঝাবুঝি,social_drama,decision,ছাত্রাবাস,রাত,দুঃখ,0.64,রাহাত | তানভীর,ছাত্রাবাস-এ পারিবারিক ভুল বোঝাবুঝি নিয়ে রাহাত ও তানভীর-এর মধ্যে সংক্ষিপ্ত দ্বন্দ্ব তৈরি হয় এবং শেষে তারা সমাধানের দিকে এগোয়।,2,2,2
natok_337,অনলাইন প্রতারণা - ছোট নাটক 337,অনলাইন প্রতারণা,family_drama,decision,পার্ক,সন্ধ্যা,আশা,0.61,নাঈম | মিতা,পার্ক-এ অনলাইন প্রতারণা নিয়ে নাঈম ও মিতা-এর মধ্যে সংক্ষিপ্ত দ্বন্দ্ব তৈরি হয় এবং শেষে তারা সমাধানের দিকে এগোয়।,2,2,2
natok_338,নারীর শিক্ষা - ছোট নাটক 338,নারীর শিক্ষা,student_life,confrontation,গ্রামের উঠান,বিকেল,দুঃখ,0.87,নাবিল | তিথি,গ্রামের উঠান-এ নারীর শিক্ষা নিয়ে নাবিল ও তিথি-এর মধ্যে সংক্ষিপ্ত দ্বন্দ্ব তৈরি হয় এবং শেষে তারা সমাধানের দিকে এগোয়।,2,2,2
natok_339,সততার মূল্য - ছোট নাটক 339,সততার মূল্য,awareness,reconciliation,বসার ঘর,রাত,আশা,0.89,শীলা | মেহজাবিন,বসার ঘর-এ সততার মূল্য নিয়ে শীলা ও মেহজাবিন-এর মধ্যে সংক্ষিপ্ত দ্বন্দ্ব তৈরি হয় এবং শেষে তারা সমাধানের দিকে এগোয়।,2,2,2
natok_340,পরিবেশ দূষণ - ছোট নাটক 340,পরিবেশ দূষণ,emotional_drama,confrontation,বসার ঘর,রাত,আশা,0.66,রাহাত | সুমাইয়া,বসার ঘর-এ পরিবেশ দূষণ নিয়ে রাহাত ও সুমাইয়া-এর মধ্যে সংক্ষিপ্ত দ্বন্দ্ব তৈরি হয় এবং শেষে তারা সমাধানের দিকে এগোয়।,2,2,2
natok_341,দারিদ্র্য ও শিক্ষা - ছোট নাটক 341,দারিদ্র্য ও শিক্ষা,social_drama,decision,ছাত্রাবাস,সকাল,উদ্বেগ,0.62,সোহান | তিথি,ছাত্রাবাস-এ দারিদ্র্য ও শিক্ষা নিয়ে সোহান ও তিথি-এর মধ্যে সংক্ষিপ্ত দ্বন্দ্ব তৈরি হয় এবং শেষে তারা সমাধানের দিকে এগোয়।,2,2,2
natok_342,বিশ্বাস ভঙ্গ - ছোট নাটক 342,বিশ্বাস ভঙ্গ,family_drama,decision,পার্ক,সন্ধ্যা,দুঃখ,0.8,তিথি | মেহজাবিন,পার্ক-এ বিশ্বাস ভঙ্গ নিয়ে তিথি ও মেহজাবিন-এর মধ্যে সংক্ষিপ্ত দ্বন্দ্ব তৈরি হয় এবং শেষে তারা সমাধানের দিকে এগোয়।,2,2,2
natok_343,পুরোনো চিঠি - ছোট নাটক 343,পুরোনো চিঠি,student_life,decision,বাসস্ট্যান্ড,সকাল,দুঃখ,0.79,রিয়াদ | সামি,বাসস্ট্যান্ড-এ পুরোনো চিঠি নিয়ে রিয়াদ ও সামি-এর মধ্যে সংক্ষিপ্ত দ্বন্দ্ব তৈরি হয় এবং শেষে তারা সমাধানের দিকে এগোয়।,2,2,2
natok_344,স্বপ্ন বনাম বাস্তবতা - ছোট নাটক 344,স্বপ্ন বনাম বাস্তবতা,awareness,confrontation,বিশ্ববিদ্যালয়ের করিডর,বিকেল,দুঃখ,0.87,রাফি | রাহাত,বিশ্ববিদ্যালয়ের করিডর-এ স্বপ্ন বনাম বাস্তবতা নিয়ে রাফি ও রাহাত-এর মধ্যে সংক্ষিপ্ত দ্বন্দ্ব তৈরি হয় এবং শেষে তারা সমাধানের দিকে এগোয়।,2,2,2
natok_345,বেকারত্ব - ছোট নাটক 345,বেকারত্ব,emotional_drama,confrontation,চায়ের দোকান,সন্ধ্যা,আশা,0.6,নীরা | তিথি,চায়ের দোকান-এ বেকারত্ব নিয়ে নীরা ও তিথি-এর মধ্যে সংক্ষিপ্ত দ্বন্দ্ব তৈরি হয় এবং শেষে তারা সমাধানের দিকে এগোয়।,2,2,2
natok_346,সাইবার বুলিং - ছোট নাটক 346,সাইবার বুলিং,social_drama,decision,বিশ্ববিদ্যালয়ের করিডর,সন্ধ্যা,উদ্বেগ,0.74,আফসানা | রাফি,বিশ্ববিদ্যালয়ের করিডর-এ সাইবার বুলিং নিয়ে আফসানা ও রাফি-এর মধ্যে সংক্ষিপ্ত দ্বন্দ্ব তৈরি হয় এবং শেষে তারা সমাধানের দিকে এগোয়।,2,2,2
natok_347,ভুয়া খবর - ছোট নাটক 347,ভুয়া খবর,family_drama,reconciliation,গ্রামের উঠান,রাত,দ্বিধা,0.74,সুমাইয়া | শীলা,গ্রামের উঠান-এ ভুয়া খবর নিয়ে সুমাইয়া ও শীলা-এর মধ্যে সংক্ষিপ্ত দ্বন্দ্ব তৈরি হয় এবং শেষে তারা সমাধানের দিকে এগোয়।,2,2,2
natok_348,পরীক্ষার চাপ - ছোট নাটক 348,পরীক্ষার চাপ,student_life,reconciliation,চায়ের দোকান,সন্ধ্যা,দ্বিধা,0.82,রাফি | মিতা,চায়ের দোকান-এ পরীক্ষার চাপ নিয়ে রাফি ও মিতা-এর মধ্যে সংক্ষিপ্ত দ্বন্দ্ব তৈরি হয় এবং শেষে তারা সমাধানের দিকে এগোয়।,2,2,2
natok_349,মোবাইল আসক্তি - ছোট নাটক 349,মোবাইল আসক্তি,awareness,confrontation,পার্ক,সন্ধ্যা,রাগ,0.7,নীরা | মিতা,পার্ক-এ মোবাইল আসক্তি নিয়ে নীরা ও মিতা-এর মধ্যে সংক্ষিপ্ত দ্বন্দ্ব তৈরি হয় এবং শেষে তারা সমাধানের দিকে এগোয়।,2,2,2
natok_350,বন্ধুত্বের পরীক্ষা - ছোট নাটক 350,বন্ধুত্বের পরীক্ষা,emotional_drama,confrontation,পার্ক,রাত,রাগ,0.9,মেহজাবিন | সামি,পার্ক-এ বন্ধুত্বের পরীক্ষা নিয়ে মেহজাবিন ও সামি-এর মধ্যে সংক্ষিপ্ত দ্বন্দ্ব তৈরি হয় এবং শেষে তারা সমাধানের দিকে এগোয়।,2,2,2
natok_351,পারিবারিক ভুল বোঝাবুঝি - ছোট নাটক 351,পারিবারিক ভুল বোঝাবুঝি,social_drama,revelation,শ্রেণিকক্ষ,বিকেল,দ্বিধা,0.64,সুমাইয়া | মিতা,শ্রেণিকক্ষ-এ পারিবারিক ভুল বোঝাবুঝি নিয়ে সুমাইয়া ও মিতা-এর মধ্যে সংক্ষিপ্ত দ্বন্দ্ব তৈরি হয় এবং শেষে তারা সমাধানের দিকে এগোয়।,2,2,2
natok_352,অনলাইন প্রতারণা - ছোট নাটক 352,অনলাইন প্রতারণা,family_drama,decision,চায়ের দোকান,সন্ধ্যা,দুঃখ,0.64,তানভীর | সামি,চায়ের দোকান-এ অনলাইন প্রতারণা নিয়ে তানভীর ও সামি-এর মধ্যে সংক্ষিপ্ত দ্বন্দ্ব তৈরি হয় এবং শেষে তারা সমাধানের দিকে এগোয়।,2,2,2
natok_353,নারীর শিক্ষা - ছোট নাটক 353,নারীর শিক্ষা,student_life,decision,বিশ্ববিদ্যালয়ের করিডর,সকাল,দ্বিধা,0.73,সোহান | নীরা,বিশ্ববিদ্যালয়ের করিডর-এ নারীর শিক্ষা নিয়ে সোহান ও নীরা-এর মধ্যে সংক্ষিপ্ত দ্বন্দ্ব তৈরি হয় এবং শেষে তারা সমাধানের দিকে এগোয়।,2,2,2
natok_354,সততার মূল্য - ছোট নাটক 354,সততার মূল্য,awareness,confrontation,চায়ের দোকান,রাত,দ্বিধা,0.59,জয়া | রাহাত,চায়ের দোকান-এ সততার মূল্য নিয়ে জয়া ও রাহাত-এর মধ্যে সংক্ষিপ্ত দ্বন্দ্ব তৈরি হয় এবং শেষে তারা সমাধানের দিকে এগোয়।,2,2,2
natok_355,পরিবেশ দূষণ - ছোট নাটক 355,পরিবেশ দূষণ,emotional_drama,revelation,বিশ্ববিদ্যালয়ের করিডর,সন্ধ্যা,দ্বিধা,0.8,রাফি | সুমাইয়া,বিশ্ববিদ্যালয়ের করিডর-এ পরিবেশ দূষণ নিয়ে রাফি ও সুমাইয়া-এর মধ্যে সংক্ষিপ্ত দ্বন্দ্ব তৈরি হয় এবং শেষে তারা সমাধানের দিকে এগোয়।,2,2,2
natok_356,দারিদ্র্য ও শিক্ষা - ছোট নাটক 356,দারিদ্র্য ও শিক্ষা,social_drama,confrontation,পার্ক,সকাল,দ্বিধা,0.58,রাহাত | সুমাইয়া,পার্ক-এ দারিদ্র্য ও শিক্ষা নিয়ে রাহাত ও সুমাইয়া-এর মধ্যে সংক্ষিপ্ত দ্বন্দ্ব তৈরি হয় এবং শেষে তারা সমাধানের দিকে এগোয়।,2,2,2
natok_357,বিশ্বাস ভঙ্গ - ছোট নাটক 357,বিশ্বাস ভঙ্গ,family_drama,decision,গ্রামের উঠান,বিকেল,দ্বিধা,0.8,নীরা | রাফি,গ্রামের উঠান-এ বিশ্বাস ভঙ্গ নিয়ে নীরা ও রাফি-এর মধ্যে সংক্ষিপ্ত দ্বন্দ্ব তৈরি হয় এবং শেষে তারা সমাধানের দিকে এগোয়।,2,2,2
natok_358,পুরোনো চিঠি - ছোট নাটক 358,পুরোনো চিঠি,student_life,revelation,ছাত্রাবাস,সকাল,আশা,0.65,নাবিল | আফসানা,ছাত্রাবাস-এ পুরোনো চিঠি নিয়ে নাবিল ও আফসানা-এর মধ্যে সংক্ষিপ্ত দ্বন্দ্ব তৈরি হয় এবং শেষে তারা সমাধানের দিকে এগোয়।,2,2,2
natok_359,স্বপ্ন বনাম বাস্তবতা - ছোট নাটক 359,স্বপ্ন বনাম বাস্তবতা,awareness,confrontation,ছাত্রাবাস,সন্ধ্যা,দ্বিধা,0.66,তিথি | তানভীর,ছাত্রাবাস-এ স্বপ্ন বনাম বাস্তবতা নিয়ে তিথি ও তানভীর-এর মধ্যে সংক্ষিপ্ত দ্বন্দ্ব তৈরি হয় এবং শেষে তারা সমাধানের দিকে এগোয়।,2,2,2
natok_360,বেকারত্ব - ছোট নাটক 360,বেকারত্ব,emotional_drama,confrontation,ছাত্রাবাস,সন্ধ্যা,আশা,0.57,আরিফ | তানভীর,ছাত্রাবাস-এ বেকারত্ব নিয়ে আরিফ ও তানভীর-এর মধ্যে সংক্ষিপ্ত দ্বন্দ্ব তৈরি হয় এবং শেষে তারা সমাধানের দিকে এগোয়।,2,2,2
natok_361,সাইবার বুলিং - ছোট নাটক 361,সাইবার বুলিং,social_drama,confrontation,বিশ্ববিদ্যালয়ের করিডর,সন্ধ্যা,দুঃখ,0.64,আফসানা | লাবণ্য,বিশ্ববিদ্যালয়ের করিডর-এ সাইবার বুলিং নিয়ে আফসানা ও লাবণ্য-এর মধ্যে সংক্ষিপ্ত দ্বন্দ্ব তৈরি হয় এবং শেষে তারা সমাধানের দিকে এগোয়।,2,2,2
natok_362,ভুয়া খবর - ছোট নাটক 362,ভুয়া খবর,family_drama,revelation,গ্রামের উঠান,সন্ধ্যা,উদ্বেগ,0.57,জয়া | মিতা,গ্রামের উঠান-এ ভুয়া খবর নিয়ে জয়া ও মিতা-এর মধ্যে সংক্ষিপ্ত দ্বন্দ্ব তৈরি হয় এবং শেষে তারা সমাধানের দিকে এগোয়।,2,2,2
natok_363,পরীক্ষার চাপ - ছোট নাটক 363,পরীক্ষার চাপ,student_life,decision,বিশ্ববিদ্যালয়ের করিডর,রাত,আশা,0.69,নীরা | সোহান,বিশ্ববিদ্যালয়ের করিডর-এ পরীক্ষার চাপ নিয়ে নীরা ও সোহান-এর মধ্যে সংক্ষিপ্ত দ্বন্দ্ব তৈরি হয় এবং শেষে তারা সমাধানের দিকে এগোয়।,2,2,2
natok_364,মোবাইল আসক্তি - ছোট নাটক 364,মোবাইল আসক্তি,awareness,confrontation,বিশ্ববিদ্যালয়ের করিডর,বিকেল,দুঃখ,0.56,শীলা | রাহাত,বিশ্ববিদ্যালয়ের করিডর-এ মোবাইল আসক্তি নিয়ে শীলা ও রাহাত-এর মধ্যে সংক্ষিপ্ত দ্বন্দ্ব তৈরি হয় এবং শেষে তারা সমাধানের দিকে এগোয়।,2,2,2
natok_365,বন্ধুত্বের পরীক্ষা - ছোট নাটক 365,বন্ধুত্বের পরীক্ষা,emotional_drama,confrontation,শ্রেণিকক্ষ,সন্ধ্যা,আশা,0.78,রিয়াদ | নীরা,শ্রেণিকক্ষ-এ বন্ধুত্বের পরীক্ষা নিয়ে রিয়াদ ও নীরা-এর মধ্যে সংক্ষিপ্ত দ্বন্দ্ব তৈরি হয় এবং শেষে তারা সমাধানের দিকে এগোয়।,2,2,2
natok_366,পারিবারিক ভুল বোঝাবুঝি - ছোট নাটক 366,পারিবারিক ভুল বোঝাবুঝি,social_drama,decision,পার্ক,রাত,দুঃখ,0.78,শীলা | সামি,পার্ক-এ পারিবারিক ভুল বোঝাবুঝি নিয়ে শীলা ও সামি-এর মধ্যে সংক্ষিপ্ত দ্বন্দ্ব তৈরি হয় এবং শেষে তারা সমাধানের দিকে এগোয়।,2,2,2
natok_367,অনলাইন প্রতারণা - ছোট নাটক 367,অনলাইন প্রতারণা,family_drama,reconciliation,ছাত্রাবাস,সকাল,রাগ,0.78,লাবণ্য | নীরা,ছাত্রাবাস-এ অনলাইন প্রতারণা নিয়ে লাবণ্য ও নীরা-এর মধ্যে সংক্ষিপ্ত দ্বন্দ্ব তৈরি হয় এবং শেষে তারা সমাধানের দিকে এগোয়।,2,2,2
natok_368,নারীর শিক্ষা - ছোট নাটক 368,নারীর শিক্ষা,student_life,confrontation,গ্রামের উঠান,সকাল,রাগ,0.87,তানভীর | নীরা,গ্রামের উঠান-এ নারীর শিক্ষা নিয়ে তানভীর ও নীরা-এর মধ্যে সংক্ষিপ্ত দ্বন্দ্ব তৈরি হয় এবং শেষে তারা সমাধানের দিকে এগোয়।,2,2,2
natok_369,সততার মূল্য - ছোট নাটক 369,সততার মূল্য,awareness,reconciliation,বিশ্ববিদ্যালয়ের করিডর,সকাল,উদ্বেগ,0.65,সুমাইয়া | আফসানা,বিশ্ববিদ্যালয়ের করিডর-এ সততার মূল্য নিয়ে সুমাইয়া ও আফসানা-এর মধ্যে সংক্ষিপ্ত দ্বন্দ্ব তৈরি হয় এবং শেষে তারা সমাধানের দিকে এগোয়।,2,2,2
natok_370,পরিবেশ দূষণ - ছোট নাটক 370,পরিবেশ দূষণ,emotional_drama,confrontation,চায়ের দোকান,সন্ধ্যা,রাগ,0.68,মৌ | আরিফ,চায়ের দোকান-এ পরিবেশ দূষণ নিয়ে মৌ ও আরিফ-এর মধ্যে সংক্ষিপ্ত দ্বন্দ্ব তৈরি হয় এবং শেষে তারা সমাধানের দিকে এগোয়।,2,2,2
natok_371,দারিদ্র্য ও শিক্ষা - ছোট নাটক 371,দারিদ্র্য ও শিক্ষা,social_drama,revelation,গ্রামের উঠান,বিকেল,আশা,0.71,মৌ | সোহান,গ্রামের উঠান-এ দারিদ্র্য ও শিক্ষা নিয়ে মৌ ও সোহান-এর মধ্যে সংক্ষিপ্ত দ্বন্দ্ব তৈরি হয় এবং শেষে তারা সমাধানের দিকে এগোয়।,2,2,2
natok_372,বিশ্বাস ভঙ্গ - ছোট নাটক 372,বিশ্বাস ভঙ্গ,family_drama,confrontation,চায়ের দোকান,রাত,আশা,0.72,ইমন | রাহাত,চায়ের দোকান-এ বিশ্বাস ভঙ্গ নিয়ে ইমন ও রাহাত-এর মধ্যে সংক্ষিপ্ত দ্বন্দ্ব তৈরি হয় এবং শেষে তারা সমাধানের দিকে এগোয়।,2,2,2
natok_373,পুরোনো চিঠি - ছোট নাটক 373,পুরোনো চিঠি,student_life,decision,গ্রামের উঠান,বিকেল,দ্বিধা,0.81,আরিফ | মৌ,গ্রামের উঠান-এ পুরোনো চিঠি নিয়ে আরিফ ও মৌ-এর মধ্যে সংক্ষিপ্ত দ্বন্দ্ব তৈরি হয় এবং শেষে তারা সমাধানের দিকে এগোয়।,2,2,2
natok_374,স্বপ্ন বনাম বাস্তবতা - ছোট নাটক 374,স্বপ্ন বনাম বাস্তবতা,awareness,revelation,শ্রেণিকক্ষ,সন্ধ্যা,দ্বিধা,0.71,তিথি | নাবিল,শ্রেণিকক্ষ-এ স্বপ্ন বনাম বাস্তবতা নিয়ে তিথি ও নাবিল-এর মধ্যে সংক্ষিপ্ত দ্বন্দ্ব তৈরি হয় এবং শেষে তারা সমাধানের দিকে এগোয়।,2,2,2
natok_375,বেকারত্ব - ছোট নাটক 375,বেকারত্ব,emotional_drama,confrontation,বসার ঘর,বিকেল,দ্বিধা,0.58,সুমাইয়া | মিতা,বসার ঘর-এ বেকারত্ব নিয়ে সুমাইয়া ও মিতা-এর মধ্যে সংক্ষিপ্ত দ্বন্দ্ব তৈরি হয় এবং শেষে তারা সমাধানের দিকে এগোয়।,2,2,2
natok_376,সাইবার বুলিং - ছোট নাটক 376,সাইবার বুলিং,social_drama,confrontation,চায়ের দোকান,সকাল,আশা,0.8,তানভীর | মৌ,চায়ের দোকান-এ সাইবার বুলিং নিয়ে তানভীর ও মৌ-এর মধ্যে সংক্ষিপ্ত দ্বন্দ্ব তৈরি হয় এবং শেষে তারা সমাধানের দিকে এগোয়।,2,2,2
natok_377,ভুয়া খবর - ছোট নাটক 377,ভুয়া খবর,family_drama,confrontation,শ্রেণিকক্ষ,সন্ধ্যা,দুঃখ,0.66,মিতা | সুমাইয়া,শ্রেণিকক্ষ-এ ভুয়া খবর নিয়ে মিতা ও সুমাইয়া-এর মধ্যে সংক্ষিপ্ত দ্বন্দ্ব তৈরি হয় এবং শেষে তারা সমাধানের দিকে এগোয়।,2,2,2
natok_378,পরীক্ষার চাপ - ছোট নাটক 378,পরীক্ষার চাপ,student_life,revelation,গ্রামের উঠান,সন্ধ্যা,দ্বিধা,0.57,মৌ | জয়া,গ্রামের উঠান-এ পরীক্ষার চাপ নিয়ে মৌ ও জয়া-এর মধ্যে সংক্ষিপ্ত দ্বন্দ্ব তৈরি হয় এবং শেষে তারা সমাধানের দিকে এগোয়।,2,2,2
natok_379,মোবাইল আসক্তি - ছোট নাটক 379,মোবাইল আসক্তি,awareness,revelation,পার্ক,বিকেল,উদ্বেগ,0.72,তিথি | আরিফ,পার্ক-এ মোবাইল আসক্তি নিয়ে তিথি ও আরিফ-এর মধ্যে সংক্ষিপ্ত দ্বন্দ্ব তৈরি হয় এবং শেষে তারা সমাধানের দিকে এগোয়।,2,2,2
natok_380,বন্ধুত্বের পরীক্ষা - ছোট নাটক 380,বন্ধুত্বের পরীক্ষা,emotional_drama,decision,গ্রামের উঠান,সন্ধ্যা,উদ্বেগ,0.77,ইমন | সুমাইয়া,গ্রামের উঠান-এ বন্ধুত্বের পরীক্ষা নিয়ে ইমন ও সুমাইয়া-এর মধ্যে সংক্ষিপ্ত দ্বন্দ্ব তৈরি হয় এবং শেষে তারা সমাধানের দিকে এগোয়।,2,2,2
natok_381,পারিবারিক ভুল বোঝাবুঝি - ছোট নাটক 381,পারিবারিক ভুল বোঝাবুঝি,social_drama,revelation,বাসস্ট্যান্ড,সন্ধ্যা,রাগ,0.83,জয়া | মেহজাবিন,বাসস্ট্যান্ড-এ পারিবারিক ভুল বোঝাবুঝি নিয়ে জয়া ও মেহজাবিন-এর মধ্যে সংক্ষিপ্ত দ্বন্দ্ব তৈরি হয় এবং শেষে তারা সমাধানের দিকে এগোয়।,2,2,2
natok_382,অনলাইন প্রতারণা - ছোট নাটক 382,অনলাইন প্রতারণা,family_drama,revelation,বাসস্ট্যান্ড,রাত,দ্বিধা,0.65,লাবণ্য | তানভীর,বাসস্ট্যান্ড-এ অনলাইন প্রতারণা নিয়ে লাবণ্য ও তানভীর-এর মধ্যে সংক্ষিপ্ত দ্বন্দ্ব তৈরি হয় এবং শেষে তারা সমাধানের দিকে এগোয়।,2,2,2
natok_383,নারীর শিক্ষা - ছোট নাটক 383,নারীর শিক্ষা,student_life,revelation,চায়ের দোকান,রাত,রাগ,0.86,তিথি | সুমাইয়া,চায়ের দোকান-এ নারীর শিক্ষা নিয়ে তিথি ও সুমাইয়া-এর মধ্যে সংক্ষিপ্ত দ্বন্দ্ব তৈরি হয় এবং শেষে তারা সমাধানের দিকে এগোয়।,2,2,2
natok_384,সততার মূল্য - ছোট নাটক 384,সততার মূল্য,awareness,reconciliation,বাসস্ট্যান্ড,সকাল,দুঃখ,0.79,রিয়াদ | তিথি,বাসস্ট্যান্ড-এ সততার মূল্য নিয়ে রিয়াদ ও তিথি-এর মধ্যে সংক্ষিপ্ত দ্বন্দ্ব তৈরি হয় এবং শেষে তারা সমাধানের দিকে এগোয়।,2,2,2
natok_385,পরিবেশ দূষণ - ছোট নাটক 385,পরিবেশ দূষণ,emotional_drama,reconciliation,বসার ঘর,বিকেল,উদ্বেগ,0.55,নাবিল | রাহাত,বসার ঘর-এ পরিবেশ দূষণ নিয়ে নাবিল ও রাহাত-এর মধ্যে সংক্ষিপ্ত দ্বন্দ্ব তৈরি হয় এবং শেষে তারা সমাধানের দিকে এগোয়।,2,2,2
natok_386,দারিদ্র্য ও শিক্ষা - ছোট নাটক 386,দারিদ্র্য ও শিক্ষা,social_drama,confrontation,ছাত্রাবাস,বিকেল,দুঃখ,0.67,তানভীর | নীরা,ছাত্রাবাস-এ দারিদ্র্য ও শিক্ষা নিয়ে তানভীর ও নীরা-এর মধ্যে সংক্ষিপ্ত দ্বন্দ্ব তৈরি হয় এবং শেষে তারা সমাধানের দিকে এগোয়।,2,2,2
natok_387,বিশ্বাস ভঙ্গ - ছোট নাটক 387,বিশ্বাস ভঙ্গ,family_drama,reconciliation,বাসস্ট্যান্ড,সন্ধ্যা,দুঃখ,0.84,সোহান | ইমন,বাসস্ট্যান্ড-এ বিশ্বাস ভঙ্গ নিয়ে সোহান ও ইমন-এর মধ্যে সংক্ষিপ্ত দ্বন্দ্ব তৈরি হয় এবং শেষে তারা সমাধানের দিকে এগোয়।,2,2,2
natok_388,পুরোনো চিঠি - ছোট নাটক 388,পুরোনো চিঠি,student_life,reconciliation,বিশ্ববিদ্যালয়ের করিডর,সকাল,রাগ,0.64,লাবণ্য | আরিফ,বিশ্ববিদ্যালয়ের করিডর-এ পুরোনো চিঠি নিয়ে লাবণ্য ও আরিফ-এর মধ্যে সংক্ষিপ্ত দ্বন্দ্ব তৈরি হয় এবং শেষে তারা সমাধানের দিকে এগোয়।,2,2,2
natok_389,স্বপ্ন বনাম বাস্তবতা - ছোট নাটক 389,স্বপ্ন বনাম বাস্তবতা,awareness,confrontation,চায়ের দোকান,রাত,দ্বিধা,0.8,জয়া | সুমাইয়া,চায়ের দোকান-এ স্বপ্ন বনাম বাস্তবতা নিয়ে জয়া ও সুমাইয়া-এর মধ্যে সংক্ষিপ্ত দ্বন্দ্ব তৈরি হয় এবং শেষে তারা সমাধানের দিকে এগোয়।,2,2,2
natok_390,বেকারত্ব - ছোট নাটক 390,বেকারত্ব,emotional_drama,confrontation,ছাত্রাবাস,সকাল,রাগ,0.9,নাঈম | নীরা,ছাত্রাবাস-এ বেকারত্ব নিয়ে নাঈম ও নীরা-এর মধ্যে সংক্ষিপ্ত দ্বন্দ্ব তৈরি হয় এবং শেষে তারা সমাধানের দিকে এগোয়।,2,2,2
natok_391,সাইবার বুলিং - ছোট নাটক 391,সাইবার বুলিং,social_drama,reconciliation,ছাত্রাবাস,রাত,দ্বিধা,0.59,মেহজাবিন | রাফি,ছাত্রাবাস-এ সাইবার বুলিং নিয়ে মেহজাবিন ও রাফি-এর মধ্যে সংক্ষিপ্ত দ্বন্দ্ব তৈরি হয় এবং শেষে তারা সমাধানের দিকে এগোয়।,2,2,2
natok_392,ভুয়া খবর - ছোট নাটক 392,ভুয়া খবর,family_drama,reconciliation,চায়ের দোকান,সন্ধ্যা,দুঃখ,0.6,নীরা | ইমন,চায়ের দোকান-এ ভুয়া খবর নিয়ে নীরা ও ইমন-এর মধ্যে সংক্ষিপ্ত দ্বন্দ্ব তৈরি হয় এবং শেষে তারা সমাধানের দিকে এগোয়।,2,2,2
natok_393,পরীক্ষার চাপ - ছোট নাটক 393,পরীক্ষার চাপ,student_life,confrontation,ছাত্রাবাস,সকাল,আশা,0.71,ইমন | রাহাত,ছাত্রাবাস-এ পরীক্ষার চাপ নিয়ে ইমন ও রাহাত-এর মধ্যে সংক্ষিপ্ত দ্বন্দ্ব তৈরি হয় এবং শেষে তারা সমাধানের দিকে এগোয়।,2,2,2
natok_394,মোবাইল আসক্তি - ছোট নাটক 394,মোবাইল আসক্তি,awareness,revelation,পার্ক,রাত,রাগ,0.56,মেহজাবিন | রিয়াদ,পার্ক-এ মোবাইল আসক্তি নিয়ে মেহজাবিন ও রিয়াদ-এর মধ্যে সংক্ষিপ্ত দ্বন্দ্ব তৈরি হয় এবং শেষে তারা সমাধানের দিকে এগোয়।,2,2,2
natok_395,বন্ধুত্বের পরীক্ষা - ছোট নাটক 395,বন্ধুত্বের পরীক্ষা,emotional_drama,reconciliation,চায়ের দোকান,সন্ধ্যা,আশা,0.63,নাবিল | নাঈম,চায়ের দোকান-এ বন্ধুত্বের পরীক্ষা নিয়ে নাবিল ও নাঈম-এর মধ্যে সংক্ষিপ্ত দ্বন্দ্ব তৈরি হয় এবং শেষে তারা সমাধানের দিকে এগোয়।,2,2,2
natok_396,পারিবারিক ভুল বোঝাবুঝি - ছোট নাটক 396,পারিবারিক ভুল বোঝাবুঝি,social_drama,decision,বসার ঘর,রাত,উদ্বেগ,0.62,মিতা | রিয়াদ,বসার ঘর-এ পারিবারিক ভুল বোঝাবুঝি নিয়ে মিতা ও রিয়াদ-এর মধ্যে সংক্ষিপ্ত দ্বন্দ্ব তৈরি হয় এবং শেষে তারা সমাধানের দিকে এগোয়।,2,2,2
natok_397,অনলাইন প্রতারণা - ছোট নাটক 397,অনলাইন প্রতারণা,family_drama,decision,শ্রেণিকক্ষ,বিকেল,উদ্বেগ,0.59,লাবণ্য | রাফি,শ্রেণিকক্ষ-এ অনলাইন প্রতারণা নিয়ে লাবণ্য ও রাফি-এর মধ্যে সংক্ষিপ্ত দ্বন্দ্ব তৈরি হয় এবং শেষে তারা সমাধানের দিকে এগোয়।,2,2,2
natok_398,নারীর শিক্ষা - ছোট নাটক 398,নারীর শিক্ষা,student_life,reconciliation,শ্রেণিকক্ষ,সন্ধ্যা,আশা,0.83,নাঈম | শীলা,শ্রেণিকক্ষ-এ নারীর শিক্ষা নিয়ে নাঈম ও শীলা-এর মধ্যে সংক্ষিপ্ত দ্বন্দ্ব তৈরি হয় এবং শেষে তারা সমাধানের দিকে এগোয়।,2,2,2
natok_399,সততার মূল্য - ছোট নাটক 399,সততার মূল্য,awareness,reconciliation,গ্রামের উঠান,বিকেল,রাগ,0.66,নাবিল | মৌ,গ্রামের উঠান-এ সততার মূল্য নিয়ে নাবিল ও মৌ-এর মধ্যে সংক্ষিপ্ত দ্বন্দ্ব তৈরি হয় এবং শেষে তারা সমাধানের দিকে এগোয়।,2,2,2
natok_400,পরিবেশ দূষণ - ছোট নাটক 400,পরিবেশ দূষণ,emotional_drama,reconciliation,পার্ক,রাত,আশা,0.69,তিথি | সুমাইয়া,পার্ক-এ পরিবেশ দূষণ নিয়ে তিথি ও সুমাইয়া-এর মধ্যে সংক্ষিপ্ত দ্বন্দ্ব তৈরি হয় এবং শেষে তারা সমাধানের দিকে এগোয়।,2,2,2
natok_401,দারিদ্র্য ও শিক্ষা - ছোট নাটক 401,দারিদ্র্য ও শিক্ষা,social_drama,reconciliation,ছাত্রাবাস,রাত,উদ্বেগ,0.66,ইমন | নাবিল,ছাত্রাবাস-এ দারিদ্র্য ও শিক্ষা নিয়ে ইমন ও নাবিল-এর মধ্যে সংক্ষিপ্ত দ্বন্দ্ব তৈরি হয় এবং শেষে তারা সমাধানের দিকে এগোয়।,2,2,2
natok_402,বিশ্বাস ভঙ্গ - ছোট নাটক 402,বিশ্বাস ভঙ্গ,family_drama,revelation,গ্রামের উঠান,বিকেল,উদ্বেগ,0.89,আফসানা | সুমাইয়া,গ্রামের উঠান-এ বিশ্বাস ভঙ্গ নিয়ে আফসানা ও সুমাইয়া-এর মধ্যে সংক্ষিপ্ত দ্বন্দ্ব তৈরি হয় এবং শেষে তারা সমাধানের দিকে এগোয়।,2,2,2
natok_403,পুরোনো চিঠি - ছোট নাটক 403,পুরোনো চিঠি,student_life,reconciliation,বসার ঘর,সকাল,রাগ,0.89,মেহজাবিন | শীলা,বসার ঘর-এ পুরোনো চিঠি নিয়ে মেহজাবিন ও শীলা-এর মধ্যে সংক্ষিপ্ত দ্বন্দ্ব তৈরি হয় এবং শেষে তারা সমাধানের দিকে এগোয়।,2,2,2
natok_404,স্বপ্ন বনাম বাস্তবতা - ছোট নাটক 404,স্বপ্ন বনাম বাস্তবতা,awareness,reconciliation,শ্রেণিকক্ষ,সন্ধ্যা,দুঃখ,0.89,নীরা | ইমন,শ্রেণিকক্ষ-এ স্বপ্ন বনাম বাস্তবতা নিয়ে নীরা ও ইমন-এর মধ্যে সংক্ষিপ্ত দ্বন্দ্ব তৈরি হয় এবং শেষে তারা সমাধানের দিকে এগোয়।,2,2,2
natok_405,বেকারত্ব - ছোট নাটক 405,বেকারত্ব,emotional_drama,decision,বিশ্ববিদ্যালয়ের করিডর,সন্ধ্যা,দ্বিধা,0.61,আফসানা | রিয়াদ,বিশ্ববিদ্যালয়ের করিডর-এ বেকারত্ব নিয়ে আফসানা ও রিয়াদ-এর মধ্যে সংক্ষিপ্ত দ্বন্দ্ব তৈরি হয় এবং শেষে তারা সমাধানের দিকে এগোয়।,2,2,2
natok_406,সাইবার বুলিং - ছোট নাটক 406,সাইবার বুলিং,social_drama,confrontation,ছাত্রাবাস,সন্ধ্যা,উদ্বেগ,0.8,সামি | রিয়াদ,ছাত্রাবাস-এ সাইবার বুলিং নিয়ে সামি ও রিয়াদ-এর মধ্যে সংক্ষিপ্ত দ্বন্দ্ব তৈরি হয় এবং শেষে তারা সমাধানের দিকে এগোয়।,2,2,2
natok_407,ভুয়া খবর - ছোট নাটক 407,ভুয়া খবর,family_drama,confrontation,বাসস্ট্যান্ড,বিকেল,দুঃখ,0.62,রাহাত | শীলা,বাসস্ট্যান্ড-এ ভুয়া খবর নিয়ে রাহাত ও শীলা-এর মধ্যে সংক্ষিপ্ত দ্বন্দ্ব তৈরি হয় এবং শেষে তারা সমাধানের দিকে এগোয়।,2,2,2
natok_408,পরীক্ষার চাপ - ছোট নাটক 408,পরীক্ষার চাপ,student_life,confrontation,ছাত্রাবাস,সকাল,দ্বিধা,0.56,আরিফ | জয়া,ছাত্রাবাস-এ পরীক্ষার চাপ নিয়ে আরিফ ও জয়া-এর মধ্যে সংক্ষিপ্ত দ্বন্দ্ব তৈরি হয় এবং শেষে তারা সমাধানের দিকে এগোয়।,2,2,2
natok_409,মোবাইল আসক্তি - ছোট নাটক 409,মোবাইল আসক্তি,awareness,reconciliation,বসার ঘর,রাত,দ্বিধা,0.57,জয়া | লাবণ্য,বসার ঘর-এ মোবাইল আসক্তি নিয়ে জয়া ও লাবণ্য-এর মধ্যে সংক্ষিপ্ত দ্বন্দ্ব তৈরি হয় এবং শেষে তারা সমাধানের দিকে এগোয়।,2,2,2
natok_410,বন্ধুত্বের পরীক্ষা - ছোট নাটক 410,বন্ধুত্বের পরীক্ষা,emotional_drama,reconciliation,ছাত্রাবাস,রাত,উদ্বেগ,0.84,নাঈম | রাফি,ছাত্রাবাস-এ বন্ধুত্বের পরীক্ষা নিয়ে নাঈম ও রাফি-এর মধ্যে সংক্ষিপ্ত দ্বন্দ্ব তৈরি হয় এবং শেষে তারা সমাধানের দিকে এগোয়।,2,2,2
natok_411,পারিবারিক ভুল বোঝাবুঝি - ছোট নাটক 411,পারিবারিক ভুল বোঝাবুঝি,social_drama,confrontation,ছাত্রাবাস,রাত,রাগ,0.69,রিয়াদ | ইমন,ছাত্রাবাস-এ পারিবারিক ভুল বোঝাবুঝি নিয়ে রিয়াদ ও ইমন-এর মধ্যে সংক্ষিপ্ত দ্বন্দ্ব তৈরি হয় এবং শেষে তারা সমাধানের দিকে এগোয়।,2,2,2
natok_412,অনলাইন প্রতারণা - ছোট নাটক 412,অনলাইন প্রতারণা,family_drama,confrontation,বাসস্ট্যান্ড,রাত,দুঃখ,0.67,তিথি | জয়া,বাসস্ট্যান্ড-এ অনলাইন প্রতারণা নিয়ে তিথি ও জয়া-এর মধ্যে সংক্ষিপ্ত দ্বন্দ্ব তৈরি হয় এবং শেষে তারা সমাধানের দিকে এগোয়।,2,2,2
natok_413,নারীর শিক্ষা - ছোট নাটক 413,নারীর শিক্ষা,student_life,reconciliation,বসার ঘর,রাত,আশা,0.77,তানভীর | ইমন,বসার ঘর-এ নারীর শিক্ষা নিয়ে তানভীর ও ইমন-এর মধ্যে সংক্ষিপ্ত দ্বন্দ্ব তৈরি হয় এবং শেষে তারা সমাধানের দিকে এগোয়।,2,2,2
natok_414,সততার মূল্য - ছোট নাটক 414,সততার মূল্য,awareness,revelation,পার্ক,সন্ধ্যা,দুঃখ,0.81,রিয়াদ | নাবিল,পার্ক-এ সততার মূল্য নিয়ে রিয়াদ ও নাবিল-এর মধ্যে সংক্ষিপ্ত দ্বন্দ্ব তৈরি হয় এবং শেষে তারা সমাধানের দিকে এগোয়।,2,2,2
natok_415,পরিবেশ দূষণ - ছোট নাটক 415,পরিবেশ দূষণ,emotional_drama,decision,ছাত্রাবাস,সন্ধ্যা,রাগ,0.73,নীরা | নাঈম,ছাত্রাবাস-এ পরিবেশ দূষণ নিয়ে নীরা ও নাঈম-এর মধ্যে সংক্ষিপ্ত দ্বন্দ্ব তৈরি হয় এবং শেষে তারা সমাধানের দিকে এগোয়।,2,2,2
natok_416,দারিদ্র্য ও শিক্ষা - ছোট নাটক 416,দারিদ্র্য ও শিক্ষা,social_drama,revelation,বসার ঘর,সন্ধ্যা,আশা,0.8,জয়া | মিতা,বসার ঘর-এ দারিদ্র্য ও শিক্ষা নিয়ে জয়া ও মিতা-এর মধ্যে সংক্ষিপ্ত দ্বন্দ্ব তৈরি হয় এবং শেষে তারা সমাধানের দিকে এগোয়।,2,2,2
natok_417,বিশ্বাস ভঙ্গ - ছোট নাটক 417,বিশ্বাস ভঙ্গ,family_drama,decision,পার্ক,সকাল,দুঃখ,0.82,রিয়াদ | তিথি,পার্ক-এ বিশ্বাস ভঙ্গ নিয়ে রিয়াদ ও তিথি-এর মধ্যে সংক্ষিপ্ত দ্বন্দ্ব তৈরি হয় এবং শেষে তারা সমাধানের দিকে এগোয়।,2,2,2
natok_418,পুরোনো চিঠি - ছোট নাটক 418,পুরোনো চিঠি,student_life,revelation,গ্রামের উঠান,সন্ধ্যা,দুঃখ,0.63,নাঈম | সোহান,গ্রামের উঠান-এ পুরোনো চিঠি নিয়ে নাঈম ও সোহান-এর মধ্যে সংক্ষিপ্ত দ্বন্দ্ব তৈরি হয় এবং শেষে তারা সমাধানের দিকে এগোয়।,2,2,2
natok_419,স্বপ্ন বনাম বাস্তবতা - ছোট নাটক 419,স্বপ্ন বনাম বাস্তবতা,awareness,confrontation,চায়ের দোকান,সকাল,উদ্বেগ,0.69,রাফি | তিথি,চায়ের দোকান-এ স্বপ্ন বনাম বাস্তবতা নিয়ে রাফি ও তিথি-এর মধ্যে সংক্ষিপ্ত দ্বন্দ্ব তৈরি হয় এবং শেষে তারা সমাধানের দিকে এগোয়।,2,2,2
natok_420,বেকারত্ব - ছোট নাটক 420,বেকারত্ব,emotional_drama,reconciliation,চায়ের দোকান,সকাল,রাগ,0.69,সুমাইয়া | শীলা,চায়ের দোকান-এ বেকারত্ব নিয়ে সুমাইয়া ও শীলা-এর মধ্যে সংক্ষিপ্ত দ্বন্দ্ব তৈরি হয় এবং শেষে তারা সমাধানের দিকে এগোয়।,2,2,2
natok_421,সাইবার বুলিং - ছোট নাটক 421,সাইবার বুলিং,social_drama,decision,বাসস্ট্যান্ড,সকাল,দুঃখ,0.7,আরিফ | নীরা,বাসস্ট্যান্ড-এ সাইবার বুলিং নিয়ে আরিফ ও নীরা-এর মধ্যে সংক্ষিপ্ত দ্বন্দ্ব তৈরি হয় এবং শেষে তারা সমাধানের দিকে এগোয়।,2,2,2
natok_422,ভুয়া খবর - ছোট নাটক 422,ভুয়া খবর,family_drama,reconciliation,চায়ের দোকান,সন্ধ্যা,দ্বিধা,0.64,তানভীর | মেহজাবিন,চায়ের দোকান-এ ভুয়া খবর নিয়ে তানভীর ও মেহজাবিন-এর মধ্যে সংক্ষিপ্ত দ্বন্দ্ব তৈরি হয় এবং শেষে তারা সমাধানের দিকে এগোয়।,2,2,2
natok_423,পরীক্ষার চাপ - ছোট নাটক 423,পরীক্ষার চাপ,student_life,reconciliation,গ্রামের উঠান,বিকেল,উদ্বেগ,0.69,তিথি | নীরা,গ্রামের উঠান-এ পরীক্ষার চাপ নিয়ে তিথি ও নীরা-এর মধ্যে সংক্ষিপ্ত দ্বন্দ্ব তৈরি হয় এবং শেষে তারা সমাধানের দিকে এগোয়।,2,2,2
natok_424,মোবাইল আসক্তি - ছোট নাটক 424,মোবাইল আসক্তি,awareness,confrontation,ছাত্রাবাস,রাত,রাগ,0.65,নাবিল | মেহজাবিন,ছাত্রাবাস-এ মোবাইল আসক্তি নিয়ে নাবিল ও মেহজাবিন-এর মধ্যে সংক্ষিপ্ত দ্বন্দ্ব তৈরি হয় এবং শেষে তারা সমাধানের দিকে এগোয়।,2,2,2
natok_425,বন্ধুত্বের পরীক্ষা - ছোট নাটক 425,বন্ধুত্বের পরীক্ষা,emotional_drama,decision,ছাত্রাবাস,রাত,দুঃখ,0.7,মৌ | জয়া,ছাত্রাবাস-এ বন্ধুত্বের পরীক্ষা নিয়ে মৌ ও জয়া-এর মধ্যে সংক্ষিপ্ত দ্বন্দ্ব তৈরি হয় এবং শেষে তারা সমাধানের দিকে এগোয়।,2,2,2
natok_426,পারিবারিক ভুল বোঝাবুঝি - ছোট নাটক 426,পারিবারিক ভুল বোঝাবুঝি,social_drama,reconciliation,বাসস্ট্যান্ড,সন্ধ্যা,আশা,0.7,রিয়াদ | তানভীর,বাসস্ট্যান্ড-এ পারিবারিক ভুল বোঝাবুঝি নিয়ে রিয়াদ ও তানভীর-এর মধ্যে সংক্ষিপ্ত দ্বন্দ্ব তৈরি হয় এবং শেষে তারা সমাধানের দিকে এগোয়।,2,2,2
natok_427,অনলাইন প্রতারণা - ছোট নাটক 427,অনলাইন প্রতারণা,family_drama,confrontation,বাসস্ট্যান্ড,বিকেল,রাগ,0.67,সুমাইয়া | নীরা,বাসস্ট্যান্ড-এ অনলাইন প্রতারণা নিয়ে সুমাইয়া ও নীরা-এর মধ্যে সংক্ষিপ্ত দ্বন্দ্ব তৈরি হয় এবং শেষে তারা সমাধানের দিকে এগোয়।,2,2,2
natok_428,নারীর শিক্ষা - ছোট নাটক 428,নারীর শিক্ষা,student_life,revelation,চায়ের দোকান,সকাল,দ্বিধা,0.6,সামি | আরিফ,চায়ের দোকান-এ নারীর শিক্ষা নিয়ে সামি ও আরিফ-এর মধ্যে সংক্ষিপ্ত দ্বন্দ্ব তৈরি হয় এবং শেষে তারা সমাধানের দিকে এগোয়।,2,2,2
natok_429,সততার মূল্য - ছোট নাটক 429,সততার মূল্য,awareness,decision,ছাত্রাবাস,সকাল,দ্বিধা,0.77,নাঈম | মেহজাবিন,ছাত্রাবাস-এ সততার মূল্য নিয়ে নাঈম ও মেহজাবিন-এর মধ্যে সংক্ষিপ্ত দ্বন্দ্ব তৈরি হয় এবং শেষে তারা সমাধানের দিকে এগোয়।,2,2,2
natok_430,পরিবেশ দূষণ - ছোট নাটক 430,পরিবেশ দূষণ,emotional_drama,confrontation,পার্ক,বিকেল,উদ্বেগ,0.89,রাহাত | আফসানা,পার্ক-এ পরিবেশ দূষণ নিয়ে রাহাত ও আফসানা-এর মধ্যে সংক্ষিপ্ত দ্বন্দ্ব তৈরি হয় এবং শেষে তারা সমাধানের দিকে এগোয়।,2,2,2
natok_431,দারিদ্র্য ও শিক্ষা - ছোট নাটক 431,দারিদ্র্য ও শিক্ষা,social_drama,decision,চায়ের দোকান,সন্ধ্যা,দ্বিধা,0.63,রাহাত | মৌ,চায়ের দোকান-এ দারিদ্র্য ও শিক্ষা নিয়ে রাহাত ও মৌ-এর মধ্যে সংক্ষিপ্ত দ্বন্দ্ব তৈরি হয় এবং শেষে তারা সমাধানের দিকে এগোয়।,2,2,2
natok_432,বিশ্বাস ভঙ্গ - ছোট নাটক 432,বিশ্বাস ভঙ্গ,family_drama,decision,চায়ের দোকান,রাত,দুঃখ,0.7,নীরা | মেহজাবিন,চায়ের দোকান-এ বিশ্বাস ভঙ্গ নিয়ে নীরা ও মেহজাবিন-এর মধ্যে সংক্ষিপ্ত দ্বন্দ্ব তৈরি হয় এবং শেষে তারা সমাধানের দিকে এগোয়।,2,2,2
natok_433,পুরোনো চিঠি - ছোট নাটক 433,পুরোনো চিঠি,student_life,reconciliation,পার্ক,বিকেল,উদ্বেগ,0.74,মৌ | আরিফ,পার্ক-এ পুরোনো চিঠি নিয়ে মৌ ও আরিফ-এর মধ্যে সংক্ষিপ্ত দ্বন্দ্ব তৈরি হয় এবং শেষে তারা সমাধানের দিকে এগোয়।,2,2,2
natok_434,স্বপ্ন বনাম বাস্তবতা - ছোট নাটক 434,স্বপ্ন বনাম বাস্তবতা,awareness,revelation,চায়ের দোকান,রাত,উদ্বেগ,0.59,শীলা | সুমাইয়া,চায়ের দোকান-এ স্বপ্ন বনাম বাস্তবতা নিয়ে শীলা ও সুমাইয়া-এর মধ্যে সংক্ষিপ্ত দ্বন্দ্ব তৈরি হয় এবং শেষে তারা সমাধানের দিকে এগোয়।,2,2,2
natok_435,বেকারত্ব - ছোট নাটক 435,বেকারত্ব,emotional_drama,decision,বসার ঘর,সকাল,দুঃখ,0.67,রিয়াদ | নাবিল,বসার ঘর-এ বেকারত্ব নিয়ে রিয়াদ ও নাবিল-এর মধ্যে সংক্ষিপ্ত দ্বন্দ্ব তৈরি হয় এবং শেষে তারা সমাধানের দিকে এগোয়।,2,2,2
natok_436,সাইবার বুলিং - ছোট নাটক 436,সাইবার বুলিং,social_drama,decision,বাসস্ট্যান্ড,সকাল,উদ্বেগ,0.67,সোহান | আরিফ,বাসস্ট্যান্ড-এ সাইবার বুলিং নিয়ে সোহান ও আরিফ-এর মধ্যে সংক্ষিপ্ত দ্বন্দ্ব তৈরি হয় এবং শেষে তারা সমাধানের দিকে এগোয়।,2,2,2
natok_437,ভুয়া খবর - ছোট নাটক 437,ভুয়া খবর,family_drama,decision,বাসস্ট্যান্ড,রাত,আশা,0.83,নাঈম | সুমাইয়া,বাসস্ট্যান্ড-এ ভুয়া খবর নিয়ে নাঈম ও সুমাইয়া-এর মধ্যে সংক্ষিপ্ত দ্বন্দ্ব তৈরি হয় এবং শেষে তারা সমাধানের দিকে এগোয়।,2,2,2
natok_438,পরীক্ষার চাপ - ছোট নাটক 438,পরীক্ষার চাপ,student_life,confrontation,পার্ক,বিকেল,আশা,0.63,মৌ | সুমাইয়া,পার্ক-এ পরীক্ষার চাপ নিয়ে মৌ ও সুমাইয়া-এর মধ্যে সংক্ষিপ্ত দ্বন্দ্ব তৈরি হয় এবং শেষে তারা সমাধানের দিকে এগোয়।,2,2,2
natok_439,মোবাইল আসক্তি - ছোট নাটক 439,মোবাইল আসক্তি,awareness,confrontation,ছাত্রাবাস,সন্ধ্যা,রাগ,0.58,মৌ | জয়া,ছাত্রাবাস-এ মোবাইল আসক্তি নিয়ে মৌ ও জয়া-এর মধ্যে সংক্ষিপ্ত দ্বন্দ্ব তৈরি হয় এবং শেষে তারা সমাধানের দিকে এগোয়।,2,2,2
natok_440,বন্ধুত্বের পরীক্ষা - ছোট নাটক 440,বন্ধুত্বের পরীক্ষা,emotional_drama,revelation,পার্ক,সন্ধ্যা,দ্বিধা,0.58,আফসানা | তিথি,পার্ক-এ বন্ধুত্বের পরীক্ষা নিয়ে আফসানা ও তিথি-এর মধ্যে সংক্ষিপ্ত দ্বন্দ্ব তৈরি হয় এবং শেষে তারা সমাধানের দিকে এগোয়।,2,2,2
natok_441,পারিবারিক ভুল বোঝাবুঝি - ছোট নাটক 441,পারিবারিক ভুল বোঝাবুঝি,social_drama,reconciliation,বাসস্ট্যান্ড,বিকেল,আশা,0.82,জয়া | সোহান,বাসস্ট্যান্ড-এ পারিবারিক ভুল বোঝাবুঝি নিয়ে জয়া ও সোহান-এর মধ্যে সংক্ষিপ্ত দ্বন্দ্ব তৈরি হয় এবং শেষে তারা সমাধানের দিকে এগোয়।,2,2,2
natok_442,অনলাইন প্রতারণা - ছোট নাটক 442,অনলাইন প্রতারণা,family_drama,reconciliation,বসার ঘর,রাত,উদ্বেগ,0.83,সোহান | নাবিল,বসার ঘর-এ অনলাইন প্রতারণা নিয়ে সোহান ও নাবিল-এর মধ্যে সংক্ষিপ্ত দ্বন্দ্ব তৈরি হয় এবং শেষে তারা সমাধানের দিকে এগোয়।,2,2,2
natok_443,নারীর শিক্ষা - ছোট নাটক 443,নারীর শিক্ষা,student_life,confrontation,বিশ্ববিদ্যালয়ের করিডর,সকাল,আশা,0.59,মেহজাবিন | মৌ,বিশ্ববিদ্যালয়ের করিডর-এ নারীর শিক্ষা নিয়ে মেহজাবিন ও মৌ-এর মধ্যে সংক্ষিপ্ত দ্বন্দ্ব তৈরি হয় এবং শেষে তারা সমাধানের দিকে এগোয়।,2,2,2
natok_444,সততার মূল্য - ছোট নাটক 444,সততার মূল্য,awareness,reconciliation,পার্ক,বিকেল,দুঃখ,0.64,নাঈম | জয়া,পার্ক-এ সততার মূল্য নিয়ে নাঈম ও জয়া-এর মধ্যে সংক্ষিপ্ত দ্বন্দ্ব তৈরি হয় এবং শেষে তারা সমাধানের দিকে এগোয়।,2,2,2
natok_445,পরিবেশ দূষণ - ছোট নাটক 445,পরিবেশ দূষণ,emotional_drama,reconciliation,শ্রেণিকক্ষ,সকাল,দ্বিধা,0.79,রাফি | রিয়াদ,শ্রেণিকক্ষ-এ পরিবেশ দূষণ নিয়ে রাফি ও রিয়াদ-এর মধ্যে সংক্ষিপ্ত দ্বন্দ্ব তৈরি হয় এবং শেষে তারা সমাধানের দিকে এগোয়।,2,2,2
natok_446,দারিদ্র্য ও শিক্ষা - ছোট নাটক 446,দারিদ্র্য ও শিক্ষা,social_drama,confrontation,গ্রামের উঠান,রাত,উদ্বেগ,0.75,জয়া | শীলা,গ্রামের উঠান-এ দারিদ্র্য ও শিক্ষা নিয়ে জয়া ও শীলা-এর মধ্যে সংক্ষিপ্ত দ্বন্দ্ব তৈরি হয় এবং শেষে তারা সমাধানের দিকে এগোয়।,2,2,2
natok_447,বিশ্বাস ভঙ্গ - ছোট নাটক 447,বিশ্বাস ভঙ্গ,family_drama,confrontation,গ্রামের উঠান,রাত,দুঃখ,0.56,নাঈম | মৌ,গ্রামের উঠান-এ বিশ্বাস ভঙ্গ নিয়ে নাঈম ও মৌ-এর মধ্যে সংক্ষিপ্ত দ্বন্দ্ব তৈরি হয় এবং শেষে তারা সমাধানের দিকে এগোয়।,2,2,2
natok_448,পুরোনো চিঠি - ছোট নাটক 448,পুরোনো চিঠি,student_life,confrontation,চায়ের দোকান,সন্ধ্যা,আশা,0.84,জয়া | শীলা,চায়ের দোকান-এ পুরোনো চিঠি নিয়ে জয়া ও শীলা-এর মধ্যে সংক্ষিপ্ত দ্বন্দ্ব তৈরি হয় এবং শেষে তারা সমাধানের দিকে এগোয়।,2,2,2
natok_449,স্বপ্ন বনাম বাস্তবতা - ছোট নাটক 449,স্বপ্ন বনাম বাস্তবতা,awareness,decision,চায়ের দোকান,সকাল,দ্বিধা,0.75,সোহান | তিথি,চায়ের দোকান-এ স্বপ্ন বনাম বাস্তবতা নিয়ে সোহান ও তিথি-এর মধ্যে সংক্ষিপ্ত দ্বন্দ্ব তৈরি হয় এবং শেষে তারা সমাধানের দিকে এগোয়।,2,2,2
natok_450,বেকারত্ব - ছোট নাটক 450,বেকারত্ব,emotional_drama,reconciliation,বিশ্ববিদ্যালয়ের করিডর,বিকেল,দ্বিধা,0.64,লাবণ্য | রিয়াদ,বিশ্ববিদ্যালয়ের করিডর-এ বেকারত্ব নিয়ে লাবণ্য ও রিয়াদ-এর মধ্যে সংক্ষিপ্ত দ্বন্দ্ব তৈরি হয় এবং শেষে তারা সমাধানের দিকে এগোয়।,2,2,2
natok_451,সাইবার বুলিং - ছোট নাটক 451,সাইবার বুলিং,social_drama,decision,পার্ক,সকাল,দুঃখ,0.75,মেহজাবিন | সামি,পার্ক-এ সাইবার বুলিং নিয়ে মেহজাবিন ও সামি-এর মধ্যে সংক্ষিপ্ত দ্বন্দ্ব তৈরি হয় এবং শেষে তারা সমাধানের দিকে এগোয়।,2,2,2
natok_452,ভুয়া খবর - ছোট নাটক 452,ভুয়া খবর,family_drama,confrontation,শ্রেণিকক্ষ,বিকেল,দুঃখ,0.83,নাবিল | মিতা,শ্রেণিকক্ষ-এ ভুয়া খবর নিয়ে নাবিল ও মিতা-এর মধ্যে সংক্ষিপ্ত দ্বন্দ্ব তৈরি হয় এবং শেষে তারা সমাধানের দিকে এগোয়।,2,2,2
natok_453,পরীক্ষার চাপ - ছোট নাটক 453,পরীক্ষার চাপ,student_life,confrontation,ছাত্রাবাস,সকাল,দ্বিধা,0.69,আফসানা | তিথি,ছাত্রাবাস-এ পরীক্ষার চাপ নিয়ে আফসানা ও তিথি-এর মধ্যে সংক্ষিপ্ত দ্বন্দ্ব তৈরি হয় এবং শেষে তারা সমাধানের দিকে এগোয়।,2,2,2
natok_454,মোবাইল আসক্তি - ছোট নাটক 454,মোবাইল আসক্তি,awareness,confrontation,চায়ের দোকান,সন্ধ্যা,আশা,0.56,নাঈম | তিথি,চায়ের দোকান-এ মোবাইল আসক্তি নিয়ে নাঈম ও তিথি-এর মধ্যে সংক্ষিপ্ত দ্বন্দ্ব তৈরি হয় এবং শেষে তারা সমাধানের দিকে এগোয়।,2,2,2
natok_455,বন্ধুত্বের পরীক্ষা - ছোট নাটক 455,বন্ধুত্বের পরীক্ষা,emotional_drama,decision,গ্রামের উঠান,বিকেল,আশা,0.64,রাহাত | লাবণ্য,গ্রামের উঠান-এ বন্ধুত্বের পরীক্ষা নিয়ে রাহাত ও লাবণ্য-এর মধ্যে সংক্ষিপ্ত দ্বন্দ্ব তৈরি হয় এবং শেষে তারা সমাধানের দিকে এগোয়।,2,2,2
natok_456,পারিবারিক ভুল বোঝাবুঝি - ছোট নাটক 456,পারিবারিক ভুল বোঝাবুঝি,social_drama,revelation,পার্ক,বিকেল,উদ্বেগ,0.61,রিয়াদ | রাহাত,পার্ক-এ পারিবারিক ভুল বোঝাবুঝি নিয়ে রিয়াদ ও রাহাত-এর মধ্যে সংক্ষিপ্ত দ্বন্দ্ব তৈরি হয় এবং শেষে তারা সমাধানের দিকে এগোয়।,2,2,2
natok_457,অনলাইন প্রতারণা - ছোট নাটক 457,অনলাইন প্রতারণা,family_drama,revelation,পার্ক,রাত,উদ্বেগ,0.84,মেহজাবিন | ইমন,পার্ক-এ অনলাইন প্রতারণা নিয়ে মেহজাবিন ও ইমন-এর মধ্যে সংক্ষিপ্ত দ্বন্দ্ব তৈরি হয় এবং শেষে তারা সমাধানের দিকে এগোয়।,2,2,2
natok_458,নারীর শিক্ষা - ছোট নাটক 458,নারীর শিক্ষা,student_life,confrontation,পার্ক,সন্ধ্যা,রাগ,0.62,নাবিল | আফসানা,পার্ক-এ নারীর শিক্ষা নিয়ে নাবিল ও আফসানা-এর মধ্যে সংক্ষিপ্ত দ্বন্দ্ব তৈরি হয় এবং শেষে তারা সমাধানের দিকে এগোয়।,2,2,2
natok_459,সততার মূল্য - ছোট নাটক 459,সততার মূল্য,awareness,confrontation,পার্ক,বিকেল,আশা,0.64,মেহজাবিন | মৌ,পার্ক-এ সততার মূল্য নিয়ে মেহজাবিন ও মৌ-এর মধ্যে সংক্ষিপ্ত দ্বন্দ্ব তৈরি হয় এবং শেষে তারা সমাধানের দিকে এগোয়।,2,2,2
natok_460,পরিবেশ দূষণ - ছোট নাটক 460,পরিবেশ দূষণ,emotional_drama,reconciliation,বাসস্ট্যান্ড,সন্ধ্যা,আশা,0.65,নাঈম | সামি,বাসস্ট্যান্ড-এ পরিবেশ দূষণ নিয়ে নাঈম ও সামি-এর মধ্যে সংক্ষিপ্ত দ্বন্দ্ব তৈরি হয় এবং শেষে তারা সমাধানের দিকে এগোয়।,2,2,2
natok_461,দারিদ্র্য ও শিক্ষা - ছোট নাটক 461,দারিদ্র্য ও শিক্ষা,social_drama,decision,ছাত্রাবাস,বিকেল,দ্বিধা,0.67,তিথি | আরিফ,ছাত্রাবাস-এ দারিদ্র্য ও শিক্ষা নিয়ে তিথি ও আরিফ-এর মধ্যে সংক্ষিপ্ত দ্বন্দ্ব তৈরি হয় এবং শেষে তারা সমাধানের দিকে এগোয়।,2,2,2
natok_462,বিশ্বাস ভঙ্গ - ছোট নাটক 462,বিশ্বাস ভঙ্গ,family_drama,reconciliation,গ্রামের উঠান,বিকেল,আশা,0.88,রাহাত | নীরা,গ্রামের উঠান-এ বিশ্বাস ভঙ্গ নিয়ে রাহাত ও নীরা-এর মধ্যে সংক্ষিপ্ত দ্বন্দ্ব তৈরি হয় এবং শেষে তারা সমাধানের দিকে এগোয়।,2,2,2
natok_463,পুরোনো চিঠি - ছোট নাটক 463,পুরোনো চিঠি,student_life,revelation,পার্ক,বিকেল,উদ্বেগ,0.65,লাবণ্য | রিয়াদ,পার্ক-এ পুরোনো চিঠি নিয়ে লাবণ্য ও রিয়াদ-এর মধ্যে সংক্ষিপ্ত দ্বন্দ্ব তৈরি হয় এবং শেষে তারা সমাধানের দিকে এগোয়।,2,2,2
natok_464,স্বপ্ন বনাম বাস্তবতা - ছোট নাটক 464,স্বপ্ন বনাম বাস্তবতা,awareness,reconciliation,গ্রামের উঠান,বিকেল,দুঃখ,0.66,তিথি | নাঈম,গ্রামের উঠান-এ স্বপ্ন বনাম বাস্তবতা নিয়ে তিথি ও নাঈম-এর মধ্যে সংক্ষিপ্ত দ্বন্দ্ব তৈরি হয় এবং শেষে তারা সমাধানের দিকে এগোয়।,2,2,2
natok_465,বেকারত্ব - ছোট নাটক 465,বেকারত্ব,emotional_drama,confrontation,ছাত্রাবাস,সন্ধ্যা,আশা,0.58,নাবিল | মৌ,ছাত্রাবাস-এ বেকারত্ব নিয়ে নাবিল ও মৌ-এর মধ্যে সংক্ষিপ্ত দ্বন্দ্ব তৈরি হয় এবং শেষে তারা সমাধানের দিকে এগোয়।,2,2,2
natok_466,সাইবার বুলিং - ছোট নাটক 466,সাইবার বুলিং,social_drama,confrontation,বাসস্ট্যান্ড,সন্ধ্যা,উদ্বেগ,0.67,সোহান | শীলা,বাসস্ট্যান্ড-এ সাইবার বুলিং নিয়ে সোহান ও শীলা-এর মধ্যে সংক্ষিপ্ত দ্বন্দ্ব তৈরি হয় এবং শেষে তারা সমাধানের দিকে এগোয়।,2,2,2
natok_467,ভুয়া খবর - ছোট নাটক 467,ভুয়া খবর,family_drama,decision,পার্ক,সন্ধ্যা,দ্বিধা,0.65,নাবিল | তানভীর,পার্ক-এ ভুয়া খবর নিয়ে নাবিল ও তানভীর-এর মধ্যে সংক্ষিপ্ত দ্বন্দ্ব তৈরি হয় এবং শেষে তারা সমাধানের দিকে এগোয়।,2,2,2
natok_468,পরীক্ষার চাপ - ছোট নাটক 468,পরীক্ষার চাপ,student_life,confrontation,বসার ঘর,বিকেল,দুঃখ,0.59,সামি | মেহজাবিন,বসার ঘর-এ পরীক্ষার চাপ নিয়ে সামি ও মেহজাবিন-এর মধ্যে সংক্ষিপ্ত দ্বন্দ্ব তৈরি হয় এবং শেষে তারা সমাধানের দিকে এগোয়।,2,2,2
natok_469,মোবাইল আসক্তি - ছোট নাটক 469,মোবাইল আসক্তি,awareness,reconciliation,বিশ্ববিদ্যালয়ের করিডর,রাত,উদ্বেগ,0.55,নাবিল | তানভীর,বিশ্ববিদ্যালয়ের করিডর-এ মোবাইল আসক্তি নিয়ে নাবিল ও তানভীর-এর মধ্যে সংক্ষিপ্ত দ্বন্দ্ব তৈরি হয় এবং শেষে তারা সমাধানের দিকে এগোয়।,2,2,2
natok_470,বন্ধুত্বের পরীক্ষা - ছোট নাটক 470,বন্ধুত্বের পরীক্ষা,emotional_drama,decision,শ্রেণিকক্ষ,সকাল,দ্বিধা,0.74,নীরা | সোহান,শ্রেণিকক্ষ-এ বন্ধুত্বের পরীক্ষা নিয়ে নীরা ও সোহান-এর মধ্যে সংক্ষিপ্ত দ্বন্দ্ব তৈরি হয় এবং শেষে তারা সমাধানের দিকে এগোয়।,2,2,2
natok_471,পারিবারিক ভুল বোঝাবুঝি - ছোট নাটক 471,পারিবারিক ভুল বোঝাবুঝি,social_drama,reconciliation,বিশ্ববিদ্যালয়ের করিডর,সকাল,রাগ,0.75,মৌ | নাবিল,বিশ্ববিদ্যালয়ের করিডর-এ পারিবারিক ভুল বোঝাবুঝি নিয়ে মৌ ও নাবিল-এর মধ্যে সংক্ষিপ্ত দ্বন্দ্ব তৈরি হয় এবং শেষে তারা সমাধানের দিকে এগোয়।,2,2,2
natok_472,অনলাইন প্রতারণা - ছোট নাটক 472,অনলাইন প্রতারণা,family_drama,reconciliation,শ্রেণিকক্ষ,বিকেল,দ্বিধা,0.58,সোহান | নীরা,শ্রেণিকক্ষ-এ অনলাইন প্রতারণা নিয়ে সোহান ও নীরা-এর মধ্যে সংক্ষিপ্ত দ্বন্দ্ব তৈরি হয় এবং শেষে তারা সমাধানের দিকে এগোয়।,2,2,2
natok_473,নারীর শিক্ষা - ছোট নাটক 473,নারীর শিক্ষা,student_life,reconciliation,ছাত্রাবাস,সন্ধ্যা,উদ্বেগ,0.57,তিথি | নাঈম,ছাত্রাবাস-এ নারীর শিক্ষা নিয়ে তিথি ও নাঈম-এর মধ্যে সংক্ষিপ্ত দ্বন্দ্ব তৈরি হয় এবং শেষে তারা সমাধানের দিকে এগোয়।,2,2,2
natok_474,সততার মূল্য - ছোট নাটক 474,সততার মূল্য,awareness,reconciliation,শ্রেণিকক্ষ,সকাল,রাগ,0.71,নাঈম | লাবণ্য,শ্রেণিকক্ষ-এ সততার মূল্য নিয়ে নাঈম ও লাবণ্য-এর মধ্যে সংক্ষিপ্ত দ্বন্দ্ব তৈরি হয় এবং শেষে তারা সমাধানের দিকে এগোয়।,2,2,2
natok_475,পরিবেশ দূষণ - ছোট নাটক 475,পরিবেশ দূষণ,emotional_drama,decision,গ্রামের উঠান,সকাল,আশা,0.67,শীলা | সোহান,গ্রামের উঠান-এ পরিবেশ দূষণ নিয়ে শীলা ও সোহান-এর মধ্যে সংক্ষিপ্ত দ্বন্দ্ব তৈরি হয় এবং শেষে তারা সমাধানের দিকে এগোয়।,2,2,2
natok_476,দারিদ্র্য ও শিক্ষা - ছোট নাটক 476,দারিদ্র্য ও শিক্ষা,social_drama,reconciliation,বসার ঘর,সন্ধ্যা,দুঃখ,0.88,আফসানা | ইমন,বসার ঘর-এ দারিদ্র্য ও শিক্ষা নিয়ে আফসানা ও ইমন-এর মধ্যে সংক্ষিপ্ত দ্বন্দ্ব তৈরি হয় এবং শেষে তারা সমাধানের দিকে এগোয়।,2,2,2
natok_477,বিশ্বাস ভঙ্গ - ছোট নাটক 477,বিশ্বাস ভঙ্গ,family_drama,decision,ছাত্রাবাস,সকাল,আশা,0.74,তিথি | রাফি,ছাত্রাবাস-এ বিশ্বাস ভঙ্গ নিয়ে তিথি ও রাফি-এর মধ্যে সংক্ষিপ্ত দ্বন্দ্ব তৈরি হয় এবং শেষে তারা সমাধানের দিকে এগোয়।,2,2,2
natok_478,পুরোনো চিঠি - ছোট নাটক 478,পুরোনো চিঠি,student_life,revelation,শ্রেণিকক্ষ,রাত,রাগ,0.76,ইমন | রিয়াদ,শ্রেণিকক্ষ-এ পুরোনো চিঠি নিয়ে ইমন ও রিয়াদ-এর মধ্যে সংক্ষিপ্ত দ্বন্দ্ব তৈরি হয় এবং শেষে তারা সমাধানের দিকে এগোয়।,2,2,2
natok_479,স্বপ্ন বনাম বাস্তবতা - ছোট নাটক 479,স্বপ্ন বনাম বাস্তবতা,awareness,decision,শ্রেণিকক্ষ,রাত,উদ্বেগ,0.69,সোহান | সামি,শ্রেণিকক্ষ-এ স্বপ্ন বনাম বাস্তবতা নিয়ে সোহান ও সামি-এর মধ্যে সংক্ষিপ্ত দ্বন্দ্ব তৈরি হয় এবং শেষে তারা সমাধানের দিকে এগোয়।,2,2,2
natok_480,বেকারত্ব - ছোট নাটক 480,বেকারত্ব,emotional_drama,reconciliation,চায়ের দোকান,রাত,আশা,0.65,মৌ | রিয়াদ,চায়ের দোকান-এ বেকারত্ব নিয়ে মৌ ও রিয়াদ-এর মধ্যে সংক্ষিপ্ত দ্বন্দ্ব তৈরি হয় এবং শেষে তারা সমাধানের দিকে এগোয়।,2,2,2
natok_481,সাইবার বুলিং - ছোট নাটক 481,সাইবার বুলিং,social_drama,decision,বসার ঘর,সকাল,রাগ,0.7,আরিফ | রাফি,বসার ঘর-এ সাইবার বুলিং নিয়ে আরিফ ও রাফি-এর মধ্যে সংক্ষিপ্ত দ্বন্দ্ব তৈরি হয় এবং শেষে তারা সমাধানের দিকে এগোয়।,2,2,2
natok_482,ভুয়া খবর - ছোট নাটক 482,ভুয়া খবর,family_drama,decision,বসার ঘর,রাত,উদ্বেগ,0.9,নীরা | শীলা,বসার ঘর-এ ভুয়া খবর নিয়ে নীরা ও শীলা-এর মধ্যে সংক্ষিপ্ত দ্বন্দ্ব তৈরি হয় এবং শেষে তারা সমাধানের দিকে এগোয়।,2,2,2
natok_483,পরীক্ষার চাপ - ছোট নাটক 483,পরীক্ষার চাপ,student_life,confrontation,পার্ক,সকাল,দুঃখ,0.78,সুমাইয়া | ইমন,পার্ক-এ পরীক্ষার চাপ নিয়ে সুমাইয়া ও ইমন-এর মধ্যে সংক্ষিপ্ত দ্বন্দ্ব তৈরি হয় এবং শেষে তারা সমাধানের দিকে এগোয়।,2,2,2
natok_484,মোবাইল আসক্তি - ছোট নাটক 484,মোবাইল আসক্তি,awareness,decision,বসার ঘর,সকাল,আশা,0.9,আফসানা | নাবিল,বসার ঘর-এ মোবাইল আসক্তি নিয়ে আফসানা ও নাবিল-এর মধ্যে সংক্ষিপ্ত দ্বন্দ্ব তৈরি হয় এবং শেষে তারা সমাধানের দিকে এগোয়।,2,2,2
natok_485,বন্ধুত্বের পরীক্ষা - ছোট নাটক 485,বন্ধুত্বের পরীক্ষা,emotional_drama,revelation,ছাত্রাবাস,বিকেল,দুঃখ,0.67,মৌ | সুমাইয়া,ছাত্রাবাস-এ বন্ধুত্বের পরীক্ষা নিয়ে মৌ ও সুমাইয়া-এর মধ্যে সংক্ষিপ্ত দ্বন্দ্ব তৈরি হয় এবং শেষে তারা সমাধানের দিকে এগোয়।,2,2,2
natok_486,পারিবারিক ভুল বোঝাবুঝি - ছোট নাটক 486,পারিবারিক ভুল বোঝাবুঝি,social_drama,reconciliation,বসার ঘর,বিকেল,রাগ,0.89,সোহান | সামি,বসার ঘর-এ পারিবারিক ভুল বোঝাবুঝি নিয়ে সোহান ও সামি-এর মধ্যে সংক্ষিপ্ত দ্বন্দ্ব তৈরি হয় এবং শেষে তারা সমাধানের দিকে এগোয়।,2,2,2
natok_487,অনলাইন প্রতারণা - ছোট নাটক 487,অনলাইন প্রতারণা,family_drama,revelation,ছাত্রাবাস,সন্ধ্যা,আশা,0.57,নাবিল | আরিফ,ছাত্রাবাস-এ অনলাইন প্রতারণা নিয়ে নাবিল ও আরিফ-এর মধ্যে সংক্ষিপ্ত দ্বন্দ্ব তৈরি হয় এবং শেষে তারা সমাধানের দিকে এগোয়।,2,2,2
natok_488,নারীর শিক্ষা - ছোট নাটক 488,নারীর শিক্ষা,student_life,confrontation,বসার ঘর,বিকেল,দ্বিধা,0.66,মেহজাবিন | রাফি,বসার ঘর-এ নারীর শিক্ষা নিয়ে মেহজাবিন ও রাফি-এর মধ্যে সংক্ষিপ্ত দ্বন্দ্ব তৈরি হয় এবং শেষে তারা সমাধানের দিকে এগোয়।,2,2,2
natok_489,সততার মূল্য - ছোট নাটক 489,সততার মূল্য,awareness,confrontation,পার্ক,রাত,রাগ,0.83,রাহাত | মৌ,পার্ক-এ সততার মূল্য নিয়ে রাহাত ও মৌ-এর মধ্যে সংক্ষিপ্ত দ্বন্দ্ব তৈরি হয় এবং শেষে তারা সমাধানের দিকে এগোয়।,2,2,2
natok_490,পরিবেশ দূষণ - ছোট নাটক 490,পরিবেশ দূষণ,emotional_drama,confrontation,বিশ্ববিদ্যালয়ের করিডর,রাত,আশা,0.75,তিথি | রাহাত,বিশ্ববিদ্যালয়ের করিডর-এ পরিবেশ দূষণ নিয়ে তিথি ও রাহাত-এর মধ্যে সংক্ষিপ্ত দ্বন্দ্ব তৈরি হয় এবং শেষে তারা সমাধানের দিকে এগোয়।,2,2,2
natok_491,দারিদ্র্য ও শিক্ষা - ছোট নাটক 491,দারিদ্র্য ও শিক্ষা,social_drama,revelation,বসার ঘর,রাত,দুঃখ,0.8,নাঈম | রাফি,বসার ঘর-এ দারিদ্র্য ও শিক্ষা নিয়ে নাঈম ও রাফি-এর মধ্যে সংক্ষিপ্ত দ্বন্দ্ব তৈরি হয় এবং শেষে তারা সমাধানের দিকে এগোয়।,2,2,2
natok_492,বিশ্বাস ভঙ্গ - ছোট নাটক 492,বিশ্বাস ভঙ্গ,family_drama,reconciliation,চায়ের দোকান,রাত,রাগ,0.58,নাঈম | রাফি,চায়ের দোকান-এ বিশ্বাস ভঙ্গ নিয়ে নাঈম ও রাফি-এর মধ্যে সংক্ষিপ্ত দ্বন্দ্ব তৈরি হয় এবং শেষে তারা সমাধানের দিকে এগোয়।,2,2,2
natok_493,পুরোনো চিঠি - ছোট নাটক 493,পুরোনো চিঠি,student_life,reconciliation,বসার ঘর,রাত,দুঃখ,0.64,তিথি | মেহজাবিন,বসার ঘর-এ পুরোনো চিঠি নিয়ে তিথি ও মেহজাবিন-এর মধ্যে সংক্ষিপ্ত দ্বন্দ্ব তৈরি হয় এবং শেষে তারা সমাধানের দিকে এগোয়।,2,2,2
natok_494,স্বপ্ন বনাম বাস্তবতা - ছোট নাটক 494,স্বপ্ন বনাম বাস্তবতা,awareness,reconciliation,পার্ক,সন্ধ্যা,আশা,0.78,নাবিল | সোহান,পার্ক-এ স্বপ্ন বনাম বাস্তবতা নিয়ে নাবিল ও সোহান-এর মধ্যে সংক্ষিপ্ত দ্বন্দ্ব তৈরি হয় এবং শেষে তারা সমাধানের দিকে এগোয়।,2,2,2
natok_495,বেকারত্ব - ছোট নাটক 495,বেকারত্ব,emotional_drama,confrontation,ছাত্রাবাস,সন্ধ্যা,উদ্বেগ,0.68,রিয়াদ | শীলা,ছাত্রাবাস-এ বেকারত্ব নিয়ে রিয়াদ ও শীলা-এর মধ্যে সংক্ষিপ্ত দ্বন্দ্ব তৈরি হয় এবং শেষে তারা সমাধানের দিকে এগোয়।,2,2,2
natok_496,সাইবার বুলিং - ছোট নাটক 496,সাইবার বুলিং,social_drama,revelation,বিশ্ববিদ্যালয়ের করিডর,সকাল,আশা,0.84,আরিফ | জয়া,বিশ্ববিদ্যালয়ের করিডর-এ সাইবার বুলিং নিয়ে আরিফ ও জয়া-এর মধ্যে সংক্ষিপ্ত দ্বন্দ্ব তৈরি হয় এবং শেষে তারা সমাধানের দিকে এগোয়।,2,2,2
natok_497,ভুয়া খবর - ছোট নাটক 497,ভুয়া খবর,family_drama,confrontation,বিশ্ববিদ্যালয়ের করিডর,সকাল,উদ্বেগ,0.61,শীলা | জয়া,বিশ্ববিদ্যালয়ের করিডর-এ ভুয়া খবর নিয়ে শীলা ও জয়া-এর মধ্যে সংক্ষিপ্ত দ্বন্দ্ব তৈরি হয় এবং শেষে তারা সমাধানের দিকে এগোয়।,2,2,2
natok_498,পরীক্ষার চাপ - ছোট নাটক 498,পরীক্ষার চাপ,student_life,reconciliation,বাসস্ট্যান্ড,সন্ধ্যা,রাগ,0.62,মৌ | আরিফ,বাসস্ট্যান্ড-এ পরীক্ষার চাপ নিয়ে মৌ ও আরিফ-এর মধ্যে সংক্ষিপ্ত দ্বন্দ্ব তৈরি হয় এবং শেষে তারা সমাধানের দিকে এগোয়।,2,2,2
natok_499,মোবাইল আসক্তি - ছোট নাটক 499,মোবাইল আসক্তি,awareness,reconciliation,চায়ের দোকান,বিকেল,দুঃখ,0.6,ইমন | রাহাত,চায়ের দোকান-এ মোবাইল আসক্তি নিয়ে ইমন ও রাহাত-এর মধ্যে সংক্ষিপ্ত দ্বন্দ্ব তৈরি হয় এবং শেষে তারা সমাধানের দিকে এগোয়।,2,2,2
natok_500,বন্ধুত্বের পরীক্ষা - ছোট নাটক 500,বন্ধুত্বের পরীক্ষা,emotional_drama,confrontation,গ্রামের উঠান,রাত,উদ্বেগ,0.79,রাহাত | নাবিল,গ্রামের উঠান-এ বন্ধুত্বের পরীক্ষা নিয়ে রাহাত ও নাবিল-এর মধ্যে সংক্ষিপ্ত দ্বন্দ্ব তৈরি হয় এবং শেষে তারা সমাধানের দিকে এগোয়।,2,2,2
